product,ticker,quantity,start_date,end_date,avg_cost,total_cost,current_value,current_money_weighted_return,realized_return,net_return,current_performance_percentage,net_performance_percentage
Full portfolio,,0.0,2020-10-01,2020-11-01,0.0,0.0,0.0,0.0,0.0,0.0,0.0,0.0
Palantir Technologies,PLTR,7.0,2020-10-01,2020-12-01,27.26,190.82,179.69,-11.13,-1.02,-12.15,-5.83,-6.37
Full portfolio,,7.0,2020-10-01,2020-12-01,27.26,190.82,179.69,-11.13,-1.02,-12.15,-5.83,-6.37
Cloudflare,NET,2.0,2020-10-01,2021-01-01,67.44,134.87,151.98,17.11,-0.51,16.6,12.69,12.31
Emerging markets,SUSM.L,14.0,2020-10-01,2021-01-01,6.64,93.02,118.68,25.66,-4.05,21.61,27.59,23.24
Pacific,UIMT.AS,2.0,2020-10-01,2021-01-01,67.07,134.14,138.3,4.16,-2.04,2.12,3.1,1.58
Europe,IESE.AS,4.0,2020-10-01,2021-01-01,49.74,198.98,203.96,4.98,-2.06,2.92,2.5,1.47
USA,UIMP.AS,3.0,2020-10-01,2021-01-01,127.04,381.12,388.2,7.08,-2.11,4.97,1.86,1.3
Salesforce Inc.,CRM,1.0,2020-10-01,2021-01-01,183.91,183.91,221.55,37.64,-0.5,37.14,20.46,20.19
Palantir Technologies,PLTR,7.0,2020-10-01,2021-01-01,27.26,190.82,164.85,-25.97,-1.02,-26.99,-13.61,-14.14
Full portfolio,,33.0,2020-10-01,2021-01-01,39.9,1316.86,1387.52,70.66,-12.29,58.37,5.37,4.43
BlackBerry,BB.TO,0.0,2020-10-01,2021-02-01,15.84,95.05,0.0,0.0,-29.57,-29.57,0.0,-31.11
Salesforce Inc.,CRM,0.0,2020-10-01,2021-02-01,183.91,183.91,0.0,0.0,1.36,1.36,0.0,0.74
GameStop,GME,1.0,2020-10-01,2021-02-01,285.21,285.21,56.25,-228.96,-0.5,-229.46,-80.28,-80.45
Palantir Technologies,PLTR,0.0,2020-10-01,2021-02-01,27.26,190.82,0.0,0.0,-5.92,-5.92,0.0,-3.1
MongoDB,MDB,1.0,2020-10-01,2021-02-01,300.16,300.16,374.87,74.71,-0.5,74.21,24.89,24.72
Cloudflare,NET,2.0,2020-10-01,2021-02-01,67.44,134.87,160.96,26.09,-0.51,25.58,19.34,18.97
Emerging markets,SUSM.L,14.0,2020-10-01,2021-02-01,6.64,93.02,123.38,30.36,-4.05,26.31,32.63,28.28
Pacific,UIMT.AS,2.0,2020-10-01,2021-02-01,67.07,134.14,139.32,5.18,-2.04,3.14,3.86,2.34
Europe,IESE.AS,4.0,2020-10-01,2021-02-01,49.74,198.98,205.68,6.7,-2.06,4.64,3.37,2.33
USA,UIMP.AS,3.0,2020-10-01,2021-02-01,127.04,381.12,399.18,18.06,-2.11,15.95,4.74,4.19
Full portfolio,,27.0,2020-10-01,2021-02-01,73.97,1997.28,1459.64,-67.86,-45.9,-113.76,-3.4,-5.7
PayPal,PYPL,2.0,2020-10-01,2021-03-01,229.16,458.32,547.26,88.94,-1.0,87.94,19.41,19.19
Cloudflare,NET,4.0,2020-10-01,2021-03-01,68.87,275.48,307.6,32.12,-1.02,31.1,11.66,11.29
Tilray Brands,TLRY,0.0,2020-10-01,2021-03-01,30.17,150.85,0.0,0.0,21.42,21.42,0.0,14.2
SNDL Inc.,SNDL,0.0,2020-10-01,2021-03-01,1.31,65.73,0.0,0.0,-5.07,-5.07,0.0,-7.71
Block Inc.,SQ,0.0,2020-10-01,2021-03-01,213.15,213.15,0.0,0.0,0.68,0.68,0.0,0.32
GameStop,GME,0.0,2020-10-01,2021-03-01,285.21,285.21,0.0,0.0,-210.22,-210.22,0.0,-73.71
BlackBerry,BB.TO,0.0,2020-10-01,2021-03-01,15.84,95.05,0.0,0.0,-29.57,-29.57,0.0,-31.11
Salesforce Inc.,CRM,0.0,2020-10-01,2021-03-01,183.91,183.91,0.0,0.0,1.36,1.36,0.0,0.74
Palantir Technologies,PLTR,0.0,2020-10-01,2021-03-01,27.26,190.82,0.0,0.0,-5.92,-5.92,0.0,-3.1
MongoDB,MDB,1.0,2020-10-01,2021-03-01,300.16,300.16,395.04,94.88,-0.5,94.38,31.61,31.44
Emerging markets,SUSM.L,14.0,2020-10-01,2021-03-01,6.64,93.02,121.87,28.85,-4.05,24.8,31.01,26.66
Pacific,UIMT.AS,2.0,2020-10-01,2021-03-01,67.07,134.14,140.9,6.76,-2.04,4.72,5.04,3.52
Europe,IESE.AS,4.0,2020-10-01,2021-03-01,49.74,198.98,210.08,11.1,-2.06,9.04,5.58,4.54
USA,UIMP.AS,3.0,2020-10-01,2021-03-01,127.04,381.12,406.08,24.96,-2.11,22.85,6.55,6.0
Full portfolio,,30.0,2020-10-01,2021-03-01,100.86,3025.94,2128.83,287.61,-240.1,47.51,9.5,1.57
PayPal,PYPL,2.0,2020-10-01,2021-04-01,229.16,458.32,495.08,36.76,-1.0,35.76,8.02,7.8
Cloudflare,NET,4.0,2020-10-01,2021-04-01,68.87,275.48,287.16,11.68,-1.02,10.66,4.24,3.87
Tilray Brands,TLRY,0.0,2020-10-01,2021-04-01,30.17,150.85,0.0,0.0,21.42,21.42,0.0,14.2
SNDL Inc.,SNDL,0.0,2020-10-01,2021-04-01,1.31,65.73,0.0,0.0,-5.07,-5.07,0.0,-7.71
Block Inc.,SQ,0.0,2020-10-01,2021-04-01,213.15,213.15,0.0,0.0,0.68,0.68,0.0,0.32
GameStop,GME,0.0,2020-10-01,2021-04-01,285.21,285.21,0.0,0.0,-210.22,-210.22,0.0,-73.71
BlackBerry,BB.TO,0.0,2020-10-01,2021-04-01,15.84,95.05,0.0,0.0,-29.57,-29.57,0.0,-31.11
Salesforce Inc.,CRM,0.0,2020-10-01,2021-04-01,183.91,183.91,0.0,0.0,1.36,1.36,0.0,0.74
Palantir Technologies,PLTR,0.0,2020-10-01,2021-04-01,27.26,190.82,0.0,0.0,-5.92,-5.92,0.0,-3.1
MongoDB,MDB,1.0,2020-10-01,2021-04-01,300.16,300.16,290.33,-9.83,-0.5,-10.33,-3.27,-3.44
Emerging markets,SUSM.L,14.0,2020-10-01,2021-04-01,6.64,93.02,119.63,26.61,-4.05,22.56,28.61,24.25
Pacific,UIMT.AS,2.0,2020-10-01,2021-04-01,67.07,134.14,143.1,8.96,-2.04,6.92,6.68,5.16
Europe,IESE.AS,4.0,2020-10-01,2021-04-01,49.74,198.98,220.16,21.18,-2.06,19.12,10.64,9.61
USA,UIMP.AS,3.0,2020-10-01,2021-04-01,127.04,381.12,431.16,50.04,-2.11,47.93,13.13,12.58
Full portfolio,,30.0,2020-10-01,2021-04-01,100.86,3025.94,1986.62,145.4,-240.1,-94.7,4.81,-3.13
PayPal,PYPL,2.0,2020-10-01,2021-05-01,229.16,458.32,524.58,66.26,-1.0,65.26,14.46,14.24
Cloudflare,NET,4.0,2020-10-01,2021-05-01,68.87,275.48,338.96,63.48,-1.02,62.46,23.04,22.67
Tilray Brands,TLRY,0.0,2020-10-01,2021-05-01,30.17,150.85,0.0,0.0,21.42,21.42,0.0,14.2
SNDL Inc.,SNDL,0.0,2020-10-01,2021-05-01,1.31,65.73,0.0,0.0,-5.07,-5.07,0.0,-7.71
Block Inc.,SQ,0.0,2020-10-01,2021-05-01,213.15,213.15,0.0,0.0,0.68,0.68,0.0,0.32
GameStop,GME,0.0,2020-10-01,2021-05-01,285.21,285.21,0.0,0.0,-210.22,-210.22,0.0,-73.71
BlackBerry,BB.TO,0.0,2020-10-01,2021-05-01,15.84,95.05,0.0,0.0,-29.57,-29.57,0.0,-31.11
Salesforce Inc.,CRM,0.0,2020-10-01,2021-05-01,183.91,183.91,0.0,0.0,1.36,1.36,0.0,0.74
Palantir Technologies,PLTR,0.0,2020-10-01,2021-05-01,27.26,190.82,0.0,0.0,-5.92,-5.92,0.0,-3.1
MongoDB,MDB,1.0,2020-10-01,2021-05-01,300.16,300.16,297.46,-2.7,-0.5,-3.2,-0.9,-1.07
Emerging markets,SUSM.L,14.0,2020-10-01,2021-05-01,6.64,93.02,121.03,28.01,-4.05,23.96,30.11,25.76
Pacific,UIMT.AS,2.0,2020-10-01,2021-05-01,67.07,134.14,139.16,5.02,-2.04,2.98,3.74,2.22
Europe,IESE.AS,4.0,2020-10-01,2021-05-01,49.74,198.98,223.72,24.74,-2.06,22.68,12.43,11.4
USA,UIMP.AS,3.0,2020-10-01,2021-05-01,127.04,381.12,438.54,57.42,-2.11,55.31,15.07,14.51
Full portfolio,,30.0,2020-10-01,2021-05-01,100.86,3025.94,2083.45,242.23,-240.1,2.13,8.01,0.07
PayPal,PYPL,2.0,2020-10-01,2021-06-01,229.16,458.32,518.54,60.22,-1.0,59.22,13.14,12.92
Cloudflare,NET,4.0,2020-10-01,2021-06-01,68.87,275.48,332.28,56.8,-1.02,55.78,20.62,20.25
Tilray Brands,TLRY,0.0,2020-10-01,2021-06-01,30.17,150.85,0.0,0.0,21.42,21.42,0.0,14.2
SNDL Inc.,SNDL,0.0,2020-10-01,2021-06-01,1.31,65.73,0.0,0.0,-5.07,-5.07,0.0,-7.71
Block Inc.,SQ,0.0,2020-10-01,2021-06-01,213.15,213.15,0.0,0.0,0.68,0.68,0.0,0.32
GameStop,GME,0.0,2020-10-01,2021-06-01,285.21,285.21,0.0,0.0,-210.22,-210.22,0.0,-73.71
BlackBerry,BB.TO,0.0,2020-10-01,2021-06-01,15.84,95.05,0.0,0.0,-29.57,-29.57,0.0,-31.11
Salesforce Inc.,CRM,0.0,2020-10-01,2021-06-01,183.91,183.91,0.0,0.0,1.36,1.36,0.0,0.74
Palantir Technologies,PLTR,0.0,2020-10-01,2021-06-01,27.26,190.82,0.0,0.0,-5.92,-5.92,0.0,-3.1
MongoDB,MDB,1.0,2020-10-01,2021-06-01,300.16,300.16,289.74,-10.42,-0.5,-10.92,-3.47,-3.64
Emerging markets,SUSM.L,14.0,2020-10-01,2021-06-01,6.64,93.02,127.72,34.7,-4.05,30.65,37.3,32.94
Pacific,UIMT.AS,2.0,2020-10-01,2021-06-01,67.07,134.14,137.98,3.84,-2.04,1.8,2.86,1.34
Europe,IESE.AS,4.0,2020-10-01,2021-06-01,49.74,198.98,229.6,30.62,-2.06,28.56,15.39,14.35
USA,UIMP.AS,3.0,2020-10-01,2021-06-01,127.04,381.12,434.28,53.16,-2.11,51.05,13.95,13.39
Full portfolio,,30.0,2020-10-01,2021-06-01,100.86,3025.94,2070.14,228.92,-240.1,-11.18,7.57,-0.37
PayPal,PYPL,2.0,2020-10-01,2021-07-01,229.16,458.32,578.0,119.68,-1.0,118.68,26.11,25.89
Cloudflare,NET,4.0,2020-10-01,2021-07-01,68.87,275.48,417.56,142.08,-1.02,141.06,51.58,51.21
Tilray Brands,TLRY,0.0,2020-10-01,2021-07-01,30.17,150.85,0.0,0.0,21.42,21.42,0.0,14.2
SNDL Inc.,SNDL,0.0,2020-10-01,2021-07-01,1.31,65.73,0.0,0.0,-5.07,-5.07,0.0,-7.71
Block Inc.,SQ,0.0,2020-10-01,2021-07-01,213.15,213.15,0.0,0.0,0.68,0.68,0.0,0.32
GameStop,GME,0.0,2020-10-01,2021-07-01,285.21,285.21,0.0,0.0,-210.22,-210.22,0.0,-73.71
BlackBerry,BB.TO,0.0,2020-10-01,2021-07-01,15.84,95.05,0.0,0.0,-29.57,-29.57,0.0,-31.11
Salesforce Inc.,CRM,0.0,2020-10-01,2021-07-01,183.91,183.91,0.0,0.0,1.36,1.36,0.0,0.74
Palantir Technologies,PLTR,0.0,2020-10-01,2021-07-01,27.26,190.82,0.0,0.0,-5.92,-5.92,0.0,-3.1
MongoDB,MDB,1.0,2020-10-01,2021-07-01,300.16,300.16,357.93,57.77,-0.5,57.27,19.25,19.08
Emerging markets,SUSM.L,14.0,2020-10-01,2021-07-01,6.64,93.02,128.84,35.82,-4.05,31.77,38.5,34.15
Pacific,UIMT.AS,2.0,2020-10-01,2021-07-01,67.07,134.14,141.04,6.9,-2.04,4.86,5.14,3.62
Europe,IESE.AS,4.0,2020-10-01,2021-07-01,49.74,198.98,236.52,37.54,-2.06,35.48,18.87,17.83
USA,UIMP.AS,3.0,2020-10-01,2021-07-01,127.04,381.12,463.5,82.38,-2.11,80.27,21.62,21.06
Full portfolio,,30.0,2020-10-01,2021-07-01,100.86,3025.94,2323.39,482.17,-240.1,242.07,15.93,8.0
PayPal,PYPL,2.0,2020-10-01,2021-08-01,229.16,458.32,551.06,92.74,-1.0,91.74,20.23,20.02
Cloudflare,NET,4.0,2020-10-01,2021-08-01,68.87,275.48,474.52,199.04,-1.02,198.02,72.25,71.88
Tilray Brands,TLRY,0.0,2020-10-01,2021-08-01,30.17,150.85,0.0,0.0,21.42,21.42,0.0,14.2
SNDL Inc.,SNDL,0.0,2020-10-01,2021-08-01,1.31,65.73,0.0,0.0,-5.07,-5.07,0.0,-7.71
Block Inc.,SQ,0.0,2020-10-01,2021-08-01,213.15,213.15,0.0,0.0,0.68,0.68,0.0,0.32
GameStop,GME,0.0,2020-10-01,2021-08-01,285.21,285.21,0.0,0.0,-210.22,-210.22,0.0,-73.71
BlackBerry,BB.TO,0.0,2020-10-01,2021-08-01,15.84,95.05,0.0,0.0,-29.57,-29.57,0.0,-31.11
Salesforce Inc.,CRM,0.0,2020-10-01,2021-08-01,183.91,183.91,0.0,0.0,1.36,1.36,0.0,0.74
Palantir Technologies,PLTR,0.0,2020-10-01,2021-08-01,27.26,190.82,0.0,0.0,-5.92,-5.92,0.0,-3.1
MongoDB,MDB,1.0,2020-10-01,2021-08-01,300.16,300.16,358.92,58.76,-0.5,58.26,19.58,19.41
Emerging markets,SUSM.L,14.0,2020-10-01,2021-08-01,6.64,93.02,121.77,28.75,-4.05,24.7,30.9,26.55
Pacific,UIMT.AS,2.0,2020-10-01,2021-08-01,67.07,134.14,140.94,6.8,-2.04,4.76,5.07,3.55
Europe,IESE.AS,4.0,2020-10-01,2021-08-01,49.74,198.98,242.8,43.82,-2.06,41.76,22.02,20.99
USA,UIMP.AS,3.0,2020-10-01,2021-08-01,127.04,381.12,471.9,90.78,-2.11,88.67,23.82,23.27
Full portfolio,,30.0,2020-10-01,2021-08-01,100.86,3025.94,2361.91,520.69,-240.1,280.59,17.21,9.27
PayPal,PYPL,2.0,2020-10-01,2021-09-01,229.16,458.32,573.5,115.18,-1.0,114.18,25.13,24.91
Cloudflare,NET,4.0,2020-10-01,2021-09-01,68.87,275.48,507.44,231.96,-1.02,230.94,84.2,83.83
Tilray Brands,TLRY,0.0,2020-10-01,2021-09-01,30.17,150.85,0.0,0.0,21.42,21.42,0.0,14.2
SNDL Inc.,SNDL,0.0,2020-10-01,2021-09-01,1.31,65.73,0.0,0.0,-5.07,-5.07,0.0,-7.71
Block Inc.,SQ,0.0,2020-10-01,2021-09-01,213.15,213.15,0.0,0.0,0.68,0.68,0.0,0.32
GameStop,GME,0.0,2020-10-01,2021-09-01,285.21,285.21,0.0,0.0,-210.22,-210.22,0.0,-73.71
BlackBerry,BB.TO,0.0,2020-10-01,2021-09-01,15.84,95.05,0.0,0.0,-29.57,-29.57,0.0,-31.11
Salesforce Inc.,CRM,0.0,2020-10-01,2021-09-01,183.91,183.91,0.0,0.0,1.36,1.36,0.0,0.74
Palantir Technologies,PLTR,0.0,2020-10-01,2021-09-01,27.26,190.82,0.0,0.0,-5.92,-5.92,0.0,-3.1
MongoDB,MDB,1.0,2020-10-01,2021-09-01,300.16,300.16,393.43,93.27,-0.5,92.77,31.07,30.91
Emerging markets,SUSM.L,14.0,2020-10-01,2021-09-01,6.64,93.02,125.51,32.49,-4.05,28.44,34.93,30.57
Pacific,UIMT.AS,2.0,2020-10-01,2021-09-01,67.07,134.14,145.08,10.94,-2.04,8.9,8.16,6.63
Europe,IESE.AS,4.0,2020-10-01,2021-09-01,49.74,198.98,252.08,53.1,-2.06,51.04,26.69,25.65
USA,UIMP.AS,3.0,2020-10-01,2021-09-01,127.04,381.12,484.92,103.8,-2.11,101.69,27.24,26.68
Full portfolio,,30.0,2020-10-01,2021-09-01,100.86,3025.94,2481.96,640.74,-240.1,400.64,21.17,13.24
Pacific,UIMT.AS,3.0,2020-10-01,2021-10-01,69.66,208.99,217.8,8.81,-4.06,4.75,4.22,2.27
Emerging markets,AYEM.DE,12.0,2020-10-01,2021-10-01,5.94,71.26,71.83,0.57,0.0,0.57,0.8,0.8
Europe,IESE.AS,7.0,2020-10-01,2021-10-01,54.71,382.97,419.3,36.33,-4.12,32.21,9.49,8.41
USA,UIMP.AS,5.0,2020-10-01,2021-10-01,139.83,699.16,789.8,90.64,-2.11,88.53,12.96,12.66
MongoDB,MDB,0.0,2020-10-01,2021-10-01,300.16,300.16,0.0,0.0,126.07,126.07,0.0,42.0
PayPal,PYPL,2.0,2020-10-01,2021-10-01,229.16,458.32,529.3,70.98,-1.0,69.98,15.49,15.27
Cloudflare,NET,4.0,2020-10-01,2021-10-01,68.87,275.48,459.92,184.44,-1.02,183.42,66.95,66.58
Tilray Brands,TLRY,0.0,2020-10-01,2021-10-01,30.17,150.85,0.0,0.0,21.42,21.42,0.0,14.2
SNDL Inc.,SNDL,0.0,2020-10-01,2021-10-01,1.31,65.73,0.0,0.0,-5.07,-5.07,0.0,-7.71
Block Inc.,SQ,0.0,2020-10-01,2021-10-01,213.15,213.15,0.0,0.0,0.68,0.68,0.0,0.32
GameStop,GME,0.0,2020-10-01,2021-10-01,285.21,285.21,0.0,0.0,-210.22,-210.22,0.0,-73.71
BlackBerry,BB.TO,0.0,2020-10-01,2021-10-01,15.84,95.05,0.0,0.0,-29.57,-29.57,0.0,-31.11
Salesforce Inc.,CRM,0.0,2020-10-01,2021-10-01,183.91,183.91,0.0,0.0,1.36,1.36,0.0,0.74
Palantir Technologies,PLTR,0.0,2020-10-01,2021-10-01,27.26,190.82,0.0,0.0,-5.92,-5.92,0.0,-3.1
Emerging markets,SUSM.L,14.0,2020-10-01,2021-10-01,6.64,93.02,119.53,26.51,-4.05,22.46,28.49,24.14
Full portfolio,,47.0,2020-10-01,2021-10-01,78.17,3674.08,2607.48,418.28,-117.61,300.67,11.38,8.18
Cloudflare,NET,0.0,2020-10-01,2021-11-01,68.87,275.48,0.0,0.0,163.45,163.45,0.0,59.33
Pacific,UIMT.AS,3.0,2020-10-01,2021-11-01,69.66,208.99,224.04,15.05,-4.06,10.99,7.2,5.26
Emerging markets,AYEM.DE,12.0,2020-10-01,2021-11-01,5.94,71.26,73.51,2.25,0.0,2.25,3.16,3.16
Europe,IESE.AS,7.0,2020-10-01,2021-11-01,54.71,382.97,444.43,61.46,-4.12,57.34,16.05,14.97
USA,UIMP.AS,5.0,2020-10-01,2021-11-01,139.83,699.16,873.8,174.64,-2.11,172.53,24.98,24.68
MongoDB,MDB,0.0,2020-10-01,2021-11-01,300.16,300.16,0.0,0.0,126.07,126.07,0.0,42.0
PayPal,PYPL,2.0,2020-10-01,2021-11-01,229.16,458.32,462.56,4.24,-1.0,3.24,0.93,0.71
Tilray Brands,TLRY,0.0,2020-10-01,2021-11-01,30.17,150.85,0.0,0.0,21.42,21.42,0.0,14.2
SNDL Inc.,SNDL,0.0,2020-10-01,2021-11-01,1.31,65.73,0.0,0.0,-5.07,-5.07,0.0,-7.71
Block Inc.,SQ,0.0,2020-10-01,2021-11-01,213.15,213.15,0.0,0.0,0.68,0.68,0.0,0.32
GameStop,GME,0.0,2020-10-01,2021-11-01,285.21,285.21,0.0,0.0,-210.22,-210.22,0.0,-73.71
BlackBerry,BB.TO,0.0,2020-10-01,2021-11-01,15.84,95.05,0.0,0.0,-29.57,-29.57,0.0,-31.11
Salesforce Inc.,CRM,0.0,2020-10-01,2021-11-01,183.91,183.91,0.0,0.0,1.36,1.36,0.0,0.74
Palantir Technologies,PLTR,0.0,2020-10-01,2021-11-01,27.26,190.82,0.0,0.0,-5.92,-5.92,0.0,-3.1
Emerging markets,SUSM.L,14.0,2020-10-01,2021-11-01,6.64,93.02,122.15,29.13,-4.05,25.08,31.32,26.96
Full portfolio,,43.0,2020-10-01,2021-11-01,85.44,3674.08,2200.49,286.77,46.86,333.63,7.81,9.08
Emerging markets,AYEM.DE,27.0,2020-10-01,2021-12-01,5.97,161.17,165.43,4.26,0.0,4.26,2.64,2.64
Pacific,UIMT.AS,4.0,2020-10-01,2021-12-01,70.63,282.53,293.32,10.79,-6.08,4.71,3.82,1.67
Europe,IESE.AS,11.0,2020-10-01,2021-12-01,57.38,631.17,688.16,56.99,-6.19,50.8,9.03,8.05
USA,UIMP.AS,6.0,2020-10-01,2021-12-01,146.45,878.7,1076.64,197.94,-2.11,195.83,22.53,22.29
Nasdaq,NQSE.DE,30.0,2020-10-01,2021-12-01,10.66,319.68,314.4,-5.28,0.0,-5.28,-1.65,-1.65
Cloudflare,NET,0.0,2020-10-01,2021-12-01,68.87,275.48,0.0,0.0,163.45,163.45,0.0,59.33
MongoDB,MDB,0.0,2020-10-01,2021-12-01,300.16,300.16,0.0,0.0,126.07,126.07,0.0,42.0
PayPal,PYPL,2.0,2020-10-01,2021-12-01,229.16,458.32,358.64,-99.68,-1.0,-100.68,-21.75,-21.97
Tilray Brands,TLRY,0.0,2020-10-01,2021-12-01,30.17,150.85,0.0,0.0,21.42,21.42,0.0,14.2
SNDL Inc.,SNDL,0.0,2020-10-01,2021-12-01,1.31,65.73,0.0,0.0,-5.07,-5.07,0.0,-7.71
Block Inc.,SQ,0.0,2020-10-01,2021-12-01,213.15,213.15,0.0,0.0,0.68,0.68,0.0,0.32
GameStop,GME,0.0,2020-10-01,2021-12-01,285.21,285.21,0.0,0.0,-210.22,-210.22,0.0,-73.71
BlackBerry,BB.TO,0.0,2020-10-01,2021-12-01,15.84,95.05,0.0,0.0,-29.57,-29.57,0.0,-31.11
Salesforce Inc.,CRM,0.0,2020-10-01,2021-12-01,183.91,183.91,0.0,0.0,1.36,1.36,0.0,0.74
Palantir Technologies,PLTR,0.0,2020-10-01,2021-12-01,27.26,190.82,0.0,0.0,-5.92,-5.92,0.0,-3.1
Emerging markets,SUSM.L,14.0,2020-10-01,2021-12-01,6.64,93.02,120.22,27.2,-4.05,23.15,29.25,24.89
Full portfolio,,94.0,2020-10-01,2021-12-01,48.78,4584.95,3016.81,192.22,42.77,234.99,4.19,5.13
Emerging markets,AYEM.DE,27.0,2020-10-01,2022-01-01,5.97,161.17,162.46,1.29,0.0,1.29,0.8,0.8
Pacific,UIMT.AS,4.0,2020-10-01,2022-01-01,70.63,282.53,298.04,15.51,-6.08,9.43,5.49,3.34
Europe,IESE.AS,11.0,2020-10-01,2022-01-01,57.38,631.17,713.79,82.62,-6.19,76.43,13.09,12.11
USA,UIMP.AS,6.0,2020-10-01,2022-01-01,146.45,878.7,1093.44,214.74,-2.11,212.63,24.44,24.2
Nasdaq,NQSE.DE,30.0,2020-10-01,2022-01-01,10.66,319.68,316.92,-2.76,0.0,-2.76,-0.86,-0.86
Cloudflare,NET,0.0,2020-10-01,2022-01-01,68.87,275.48,0.0,0.0,163.45,163.45,0.0,59.33
MongoDB,MDB,0.0,2020-10-01,2022-01-01,300.16,300.16,0.0,0.0,126.07,126.07,0.0,42.0
PayPal,PYPL,2.0,2020-10-01,2022-01-01,229.16,458.32,377.16,-81.16,-1.0,-82.16,-17.71,-17.93
Tilray Brands,TLRY,0.0,2020-10-01,2022-01-01,30.17,150.85,0.0,0.0,21.42,21.42,0.0,14.2
SNDL Inc.,SNDL,0.0,2020-10-01,2022-01-01,1.31,65.73,0.0,0.0,-5.07,-5.07,0.0,-7.71
Block Inc.,SQ,0.0,2020-10-01,2022-01-01,213.15,213.15,0.0,0.0,0.68,0.68,0.0,0.32
GameStop,GME,0.0,2020-10-01,2022-01-01,285.21,285.21,0.0,0.0,-210.22,-210.22,0.0,-73.71
BlackBerry,BB.TO,0.0,2020-10-01,2022-01-01,15.84,95.05,0.0,0.0,-29.57,-29.57,0.0,-31.11
Salesforce Inc.,CRM,0.0,2020-10-01,2022-01-01,183.91,183.91,0.0,0.0,1.36,1.36,0.0,0.74
Palantir Technologies,PLTR,0.0,2020-10-01,2022-01-01,27.26,190.82,0.0,0.0,-5.92,-5.92,0.0,-3.1
Emerging markets,SUSM.L,14.0,2020-10-01,2022-01-01,6.64,93.02,117.44,24.42,-4.05,20.37,26.26,21.9
Full portfolio,,94.0,2020-10-01,2022-01-01,48.78,4584.95,3079.25,254.66,42.77,297.43,5.55,6.49
Nasdaq,NQSE.DE,32.0,2020-10-01,2022-02-01,10.57,338.2,304.99,-33.21,0.0,-33.21,-9.82,-9.82
Emerging markets,AYEM.DE,27.0,2020-10-01,2022-02-01,5.97,161.17,165.38,4.2,0.0,4.2,2.61,2.61
Pacific,UIMT.AS,4.0,2020-10-01,2022-02-01,70.63,282.53,281.96,-0.57,-6.08,-6.65,-0.2,-2.35
Europe,IESE.AS,11.0,2020-10-01,2022-02-01,57.38,631.17,679.14,47.97,-6.19,41.78,7.6,6.62
USA,UIMP.AS,6.0,2020-10-01,2022-02-01,146.45,878.7,1001.4,122.7,-2.11,120.59,13.96,13.72
Cloudflare,NET,0.0,2020-10-01,2022-02-01,68.87,275.48,0.0,0.0,163.45,163.45,0.0,59.33
MongoDB,MDB,0.0,2020-10-01,2022-02-01,300.16,300.16,0.0,0.0,126.07,126.07,0.0,42.0
PayPal,PYPL,2.0,2020-10-01,2022-02-01,229.16,458.32,351.6,-106.72,-1.0,-107.72,-23.29,-23.5
Tilray Brands,TLRY,0.0,2020-10-01,2022-02-01,30.17,150.85,0.0,0.0,21.42,21.42,0.0,14.2
SNDL Inc.,SNDL,0.0,2020-10-01,2022-02-01,1.31,65.73,0.0,0.0,-5.07,-5.07,0.0,-7.71
Block Inc.,SQ,0.0,2020-10-01,2022-02-01,213.15,213.15,0.0,0.0,0.68,0.68,0.0,0.32
GameStop,GME,0.0,2020-10-01,2022-02-01,285.21,285.21,0.0,0.0,-210.22,-210.22,0.0,-73.71
BlackBerry,BB.TO,0.0,2020-10-01,2022-02-01,15.84,95.05,0.0,0.0,-29.57,-29.57,0.0,-31.11
Salesforce Inc.,CRM,0.0,2020-10-01,2022-02-01,183.91,183.91,0.0,0.0,1.36,1.36,0.0,0.74
Palantir Technologies,PLTR,0.0,2020-10-01,2022-02-01,27.26,190.82,0.0,0.0,-5.92,-5.92,0.0,-3.1
Emerging markets,SUSM.L,14.0,2020-10-01,2022-02-01,6.64,93.02,115.85,22.83,-4.05,18.78,24.54,20.19
Full portfolio,,96.0,2020-10-01,2022-02-01,47.95,4603.47,2900.32,57.2,42.77,99.97,1.24,2.17
Nasdaq,NQSE.DE,32.0,2020-10-01,2022-03-01,10.57,338.2,288.1,-50.1,0.0,-50.1,-14.81,-14.81
Emerging markets,AYEM.DE,27.0,2020-10-01,2022-03-01,5.97,161.17,158.3,-2.87,0.0,-2.87,-1.78,-1.78
Pacific,UIMT.AS,4.0,2020-10-01,2022-03-01,70.63,282.53,278.56,-3.97,-6.08,-10.05,-1.41,-3.56
Europe,IESE.AS,11.0,2020-10-01,2022-03-01,57.38,631.17,629.64,-1.53,-6.19,-7.72,-0.24,-1.22
USA,UIMP.AS,6.0,2020-10-01,2022-03-01,146.45,878.7,966.0,87.3,-2.11,85.19,9.94,9.7
Cloudflare,NET,0.0,2020-10-01,2022-03-01,68.87,275.48,0.0,0.0,163.45,163.45,0.0,59.33
MongoDB,MDB,0.0,2020-10-01,2022-03-01,300.16,300.16,0.0,0.0,126.07,126.07,0.0,42.0
PayPal,PYPL,2.0,2020-10-01,2022-03-01,229.16,458.32,213.02,-245.3,-1.0,-246.3,-53.52,-53.74
Tilray Brands,TLRY,0.0,2020-10-01,2022-03-01,30.17,150.85,0.0,0.0,21.42,21.42,0.0,14.2
SNDL Inc.,SNDL,0.0,2020-10-01,2022-03-01,1.31,65.73,0.0,0.0,-5.07,-5.07,0.0,-7.71
Block Inc.,SQ,0.0,2020-10-01,2022-03-01,213.15,213.15,0.0,0.0,0.68,0.68,0.0,0.32
GameStop,GME,0.0,2020-10-01,2022-03-01,285.21,285.21,0.0,0.0,-210.22,-210.22,0.0,-73.71
BlackBerry,BB.TO,0.0,2020-10-01,2022-03-01,15.84,95.05,0.0,0.0,-29.57,-29.57,0.0,-31.11
Salesforce Inc.,CRM,0.0,2020-10-01,2022-03-01,183.91,183.91,0.0,0.0,1.36,1.36,0.0,0.74
Palantir Technologies,PLTR,0.0,2020-10-01,2022-03-01,27.26,190.82,0.0,0.0,-5.92,-5.92,0.0,-3.1
Emerging markets,SUSM.L,14.0,2020-10-01,2022-03-01,6.64,93.02,114.21,21.19,-4.05,17.14,22.77,18.42
Full portfolio,,96.0,2020-10-01,2022-03-01,47.95,4603.47,2647.83,-195.28,42.77,-152.51,-4.24,-3.31
Nasdaq,NQSE.DE,32.0,2020-10-01,2022-04-01,10.57,338.2,302.21,-35.99,0.0,-35.99,-10.64,-10.64
Emerging markets,AYEM.DE,27.0,2020-10-01,2022-04-01,5.97,161.17,157.41,-3.76,0.0,-3.76,-2.33,-2.33
Pacific,UIMT.AS,4.0,2020-10-01,2022-04-01,70.63,282.53,284.28,1.75,-6.08,-4.33,0.62,-1.53
Europe,IESE.AS,11.0,2020-10-01,2022-04-01,57.38,631.17,657.8,26.63,-6.19,20.44,4.22,3.24
USA,UIMP.AS,6.0,2020-10-01,2022-04-01,146.45,878.7,1010.04,131.34,-2.11,129.23,14.95,14.71
Cloudflare,NET,0.0,2020-10-01,2022-04-01,68.87,275.48,0.0,0.0,163.45,163.45,0.0,59.33
MongoDB,MDB,0.0,2020-10-01,2022-04-01,300.16,300.16,0.0,0.0,126.07,126.07,0.0,42.0
PayPal,PYPL,2.0,2020-10-01,2022-04-01,229.16,458.32,233.34,-224.98,-1.0,-225.98,-49.09,-49.31
Tilray Brands,TLRY,0.0,2020-10-01,2022-04-01,30.17,150.85,0.0,0.0,21.42,21.42,0.0,14.2
SNDL Inc.,SNDL,0.0,2020-10-01,2022-04-01,1.31,65.73,0.0,0.0,-5.07,-5.07,0.0,-7.71
Block Inc.,SQ,0.0,2020-10-01,2022-04-01,213.15,213.15,0.0,0.0,0.68,0.68,0.0,0.32
GameStop,GME,0.0,2020-10-01,2022-04-01,285.21,285.21,0.0,0.0,-210.22,-210.22,0.0,-73.71
BlackBerry,BB.TO,0.0,2020-10-01,2022-04-01,15.84,95.05,0.0,0.0,-29.57,-29.57,0.0,-31.11
Salesforce Inc.,CRM,0.0,2020-10-01,2022-04-01,183.91,183.91,0.0,0.0,1.36,1.36,0.0,0.74
Palantir Technologies,PLTR,0.0,2020-10-01,2022-04-01,27.26,190.82,0.0,0.0,-5.92,-5.92,0.0,-3.1
Emerging markets,SUSM.L,14.0,2020-10-01,2022-04-01,6.64,93.02,113.89,20.87,-4.05,16.82,22.44,18.08
Full portfolio,,96.0,2020-10-01,2022-04-01,47.95,4603.47,2758.97,-84.14,42.77,-41.37,-1.83,-0.9
PayPal,PYPL,3.0,2020-10-01,2022-05-01,188.81,566.43,263.79,-302.64,-1.5,-304.14,-53.43,-53.69
Nasdaq,NQSE.DE,32.0,2020-10-01,2022-05-01,10.57,338.2,268.67,-69.53,0.0,-69.53,-20.56,-20.56
Emerging markets,AYEM.DE,27.0,2020-10-01,2022-05-01,5.97,161.17,154.74,-6.43,0.0,-6.43,-3.99,-3.99
Pacific,UIMT.AS,4.0,2020-10-01,2022-05-01,70.63,282.53,278.76,-3.77,-6.08,-9.85,-1.33,-3.49
Europe,IESE.AS,11.0,2020-10-01,2022-05-01,57.38,631.17,646.47,15.3,-6.19,9.11,2.42,1.44
USA,UIMP.AS,6.0,2020-10-01,2022-05-01,146.45,878.7,980.16,101.46,-2.11,99.35,11.55,11.31
Cloudflare,NET,0.0,2020-10-01,2022-05-01,68.87,275.48,0.0,0.0,163.45,163.45,0.0,59.33
MongoDB,MDB,0.0,2020-10-01,2022-05-01,300.16,300.16,0.0,0.0,126.07,126.07,0.0,42.0
Tilray Brands,TLRY,0.0,2020-10-01,2022-05-01,30.17,150.85,0.0,0.0,21.42,21.42,0.0,14.2
SNDL Inc.,SNDL,0.0,2020-10-01,2022-05-01,1.31,65.73,0.0,0.0,-5.07,-5.07,0.0,-7.71
Block Inc.,SQ,0.0,2020-10-01,2022-05-01,213.15,213.15,0.0,0.0,0.68,0.68,0.0,0.32
GameStop,GME,0.0,2020-10-01,2022-05-01,285.21,285.21,0.0,0.0,-210.22,-210.22,0.0,-73.71
BlackBerry,BB.TO,0.0,2020-10-01,2022-05-01,15.84,95.05,0.0,0.0,-29.57,-29.57,0.0,-31.11
Salesforce Inc.,CRM,0.0,2020-10-01,2022-05-01,183.91,183.91,0.0,0.0,1.36,1.36,0.0,0.74
Palantir Technologies,PLTR,0.0,2020-10-01,2022-05-01,27.26,190.82,0.0,0.0,-5.92,-5.92,0.0,-3.1
Emerging markets,SUSM.L,14.0,2020-10-01,2022-05-01,6.64,93.02,106.05,13.03,-4.05,8.98,14.01,9.65
Full portfolio,,97.0,2020-10-01,2022-05-01,48.57,4711.58,2698.64,-252.58,42.27,-210.31,-5.36,-4.46
USA,UIMP.AS,7.0,2020-10-01,2022-06-01,147.86,1035.0,1075.2,40.2,-2.11,38.09,3.88,3.68
Pacific,UIMT.AS,5.0,2020-10-01,2022-06-01,70.13,350.66,339.75,-10.91,-8.58,-19.49,-3.11,-5.56
Emerging markets,AYEM.DE,32.0,2020-10-01,2022-06-01,5.9,188.87,178.66,-10.21,0.0,-10.21,-5.41,-5.41
Nasdaq,NQSE.DE,43.0,2020-10-01,2022-06-01,9.9,425.57,341.2,-84.37,0.0,-84.37,-19.82,-19.82
Europe,IESE.AS,12.0,2020-10-01,2022-06-01,57.32,687.86,674.04,-13.82,-8.69,-22.51,-2.01,-3.27
PayPal,PYPL,3.0,2020-10-01,2022-06-01,188.81,566.43,247.44,-318.99,-1.5,-320.49,-56.32,-56.58
Cloudflare,NET,0.0,2020-10-01,2022-06-01,68.87,275.48,0.0,0.0,163.45,163.45,0.0,59.33
MongoDB,MDB,0.0,2020-10-01,2022-06-01,300.16,300.16,0.0,0.0,126.07,126.07,0.0,42.0
Tilray Brands,TLRY,0.0,2020-10-01,2022-06-01,30.17,150.85,0.0,0.0,21.42,21.42,0.0,14.2
SNDL Inc.,SNDL,0.0,2020-10-01,2022-06-01,1.31,65.73,0.0,0.0,-5.07,-5.07,0.0,-7.71
Block Inc.,SQ,0.0,2020-10-01,2022-06-01,213.15,213.15,0.0,0.0,0.68,0.68,0.0,0.32
GameStop,GME,0.0,2020-10-01,2022-06-01,285.21,285.21,0.0,0.0,-210.22,-210.22,0.0,-73.71
BlackBerry,BB.TO,0.0,2020-10-01,2022-06-01,15.84,95.05,0.0,0.0,-29.57,-29.57,0.0,-31.11
Salesforce Inc.,CRM,0.0,2020-10-01,2022-06-01,183.91,183.91,0.0,0.0,1.36,1.36,0.0,0.74
Palantir Technologies,PLTR,0.0,2020-10-01,2022-06-01,27.26,190.82,0.0,0.0,-5.92,-5.92,0.0,-3.1
Emerging markets,SUSM.L,14.0,2020-10-01,2022-06-01,6.64,93.02,104.44,11.42,-4.05,7.37,12.28,7.92
Full portfolio,,116.0,2020-10-01,2022-06-01,44.03,5107.77,2960.73,-386.68,37.27,-349.41,-7.57,-6.84
USA,UIMP.AS,7.0,2020-10-01,2022-07-01,147.86,1035.0,1017.94,-17.06,-2.11,-19.17,-1.65,-1.85
Pacific,UIMT.AS,5.0,2020-10-01,2022-07-01,70.13,350.66,319.3,-31.36,-8.58,-39.94,-8.94,-11.39
Emerging markets,AYEM.DE,32.0,2020-10-01,2022-07-01,5.9,188.87,172.19,-16.68,0.0,-16.68,-8.83,-8.83
Nasdaq,NQSE.DE,43.0,2020-10-01,2022-07-01,9.9,425.57,311.45,-114.12,0.0,-114.12,-26.82,-26.82
Europe,IESE.AS,12.0,2020-10-01,2022-07-01,57.32,687.86,641.16,-46.7,-8.69,-55.39,-6.79,-8.05
PayPal,PYPL,3.0,2020-10-01,2022-07-01,188.81,566.43,214.2,-352.23,-1.5,-353.73,-62.18,-62.45
Cloudflare,NET,0.0,2020-10-01,2022-07-01,68.87,275.48,0.0,0.0,163.45,163.45,0.0,59.33
MongoDB,MDB,0.0,2020-10-01,2022-07-01,300.16,300.16,0.0,0.0,126.07,126.07,0.0,42.0
Tilray Brands,TLRY,0.0,2020-10-01,2022-07-01,30.17,150.85,0.0,0.0,21.42,21.42,0.0,14.2
SNDL Inc.,SNDL,0.0,2020-10-01,2022-07-01,1.31,65.73,0.0,0.0,-5.07,-5.07,0.0,-7.71
Block Inc.,SQ,0.0,2020-10-01,2022-07-01,213.15,213.15,0.0,0.0,0.68,0.68,0.0,0.32
GameStop,GME,0.0,2020-10-01,2022-07-01,285.21,285.21,0.0,0.0,-210.22,-210.22,0.0,-73.71
BlackBerry,BB.TO,0.0,2020-10-01,2022-07-01,15.84,95.05,0.0,0.0,-29.57,-29.57,0.0,-31.11
Salesforce Inc.,CRM,0.0,2020-10-01,2022-07-01,183.91,183.91,0.0,0.0,1.36,1.36,0.0,0.74
Palantir Technologies,PLTR,0.0,2020-10-01,2022-07-01,27.26,190.82,0.0,0.0,-5.92,-5.92,0.0,-3.1
Emerging markets,SUSM.L,14.0,2020-10-01,2022-07-01,6.64,93.02,99.43,6.41,-4.05,2.36,6.9,2.54
Full portfolio,,116.0,2020-10-01,2022-07-01,44.03,5107.77,2775.67,-571.74,37.27,-534.47,-11.19,-10.46
USA,UIMP.AS,7.0,2020-10-01,2022-08-01,147.86,1035.0,1137.92,102.92,-2.11,100.81,9.94,9.74
Pacific,UIMT.AS,5.0,2020-10-01,2022-08-01,70.13,350.66,344.8,-5.86,-8.58,-14.44,-1.67,-4.12
Emerging markets,AYEM.DE,32.0,2020-10-01,2022-08-01,5.9,188.87,175.46,-13.41,0.0,-13.41,-7.1,-7.1
Nasdaq,NQSE.DE,43.0,2020-10-01,2022-08-01,9.9,425.57,353.16,-72.41,0.0,-72.41,-17.02,-17.02
Europe,IESE.AS,12.0,2020-10-01,2022-08-01,57.32,687.86,697.32,9.46,-8.69,0.77,1.38,0.11
PayPal,PYPL,3.0,2020-10-01,2022-08-01,188.81,566.43,265.7,-300.73,-1.5,-302.23,-53.09,-53.36
Cloudflare,NET,0.0,2020-10-01,2022-08-01,68.87,275.48,0.0,0.0,163.45,163.45,0.0,59.33
MongoDB,MDB,0.0,2020-10-01,2022-08-01,300.16,300.16,0.0,0.0,126.07,126.07,0.0,42.0
Tilray Brands,TLRY,0.0,2020-10-01,2022-08-01,30.17,150.85,0.0,0.0,21.42,21.42,0.0,14.2
SNDL Inc.,SNDL,0.0,2020-10-01,2022-08-01,1.31,65.73,0.0,0.0,-5.07,-5.07,0.0,-7.71
Block Inc.,SQ,0.0,2020-10-01,2022-08-01,213.15,213.15,0.0,0.0,0.68,0.68,0.0,0.32
GameStop,GME,0.0,2020-10-01,2022-08-01,285.21,285.21,0.0,0.0,-210.22,-210.22,0.0,-73.71
BlackBerry,BB.TO,0.0,2020-10-01,2022-08-01,15.84,95.05,0.0,0.0,-29.57,-29.57,0.0,-31.11
Salesforce Inc.,CRM,0.0,2020-10-01,2022-08-01,183.91,183.91,0.0,0.0,1.36,1.36,0.0,0.74
Palantir Technologies,PLTR,0.0,2020-10-01,2022-08-01,27.26,190.82,0.0,0.0,-5.92,-5.92,0.0,-3.1
Emerging markets,SUSM.L,14.0,2020-10-01,2022-08-01,6.64,93.02,100.59,7.57,-4.05,3.52,8.14,3.78
Full portfolio,,116.0,2020-10-01,2022-08-01,44.03,5107.77,3074.95,-272.46,37.27,-235.19,-5.33,-4.6
USA,UIMP.AS,7.0,2020-10-01,2022-09-01,147.86,1035.0,1098.44,63.44,-2.11,61.33,6.13,5.93
Pacific,UIMT.AS,5.0,2020-10-01,2022-09-01,70.13,350.66,331.6,-19.06,-8.58,-27.64,-5.44,-7.88
Emerging markets,AYEM.DE,32.0,2020-10-01,2022-09-01,5.9,188.87,177.25,-11.62,0.0,-11.62,-6.15,-6.15
Nasdaq,NQSE.DE,43.0,2020-10-01,2022-09-01,9.9,425.57,325.68,-99.89,0.0,-99.89,-23.47,-23.47
Europe,IESE.AS,12.0,2020-10-01,2022-09-01,57.32,687.86,642.0,-45.86,-8.69,-54.55,-6.67,-7.93
PayPal,PYPL,3.0,2020-10-01,2022-09-01,188.81,566.43,277.98,-288.45,-1.5,-289.95,-50.92,-51.19
Cloudflare,NET,0.0,2020-10-01,2022-09-01,68.87,275.48,0.0,0.0,163.45,163.45,0.0,59.33
MongoDB,MDB,0.0,2020-10-01,2022-09-01,300.16,300.16,0.0,0.0,126.07,126.07,0.0,42.0
Tilray Brands,TLRY,0.0,2020-10-01,2022-09-01,30.17,150.85,0.0,0.0,21.42,21.42,0.0,14.2
SNDL Inc.,SNDL,0.0,2020-10-01,2022-09-01,1.31,65.73,0.0,0.0,-5.07,-5.07,0.0,-7.71
Block Inc.,SQ,0.0,2020-10-01,2022-09-01,213.15,213.15,0.0,0.0,0.68,0.68,0.0,0.32
GameStop,GME,0.0,2020-10-01,2022-09-01,285.21,285.21,0.0,0.0,-210.22,-210.22,0.0,-73.71
BlackBerry,BB.TO,0.0,2020-10-01,2022-09-01,15.84,95.05,0.0,0.0,-29.57,-29.57,0.0,-31.11
Salesforce Inc.,CRM,0.0,2020-10-01,2022-09-01,183.91,183.91,0.0,0.0,1.36,1.36,0.0,0.74
Palantir Technologies,PLTR,0.0,2020-10-01,2022-09-01,27.26,190.82,0.0,0.0,-5.92,-5.92,0.0,-3.1
Emerging markets,SUSM.L,14.0,2020-10-01,2022-09-01,6.64,93.02,96.18,3.16,-4.05,-0.89,3.4,-0.96
Full portfolio,,116.0,2020-10-01,2022-09-01,44.03,5107.77,2949.13,-398.28,37.27,-361.01,-7.8,-7.07
USA,UIMP.AS,7.0,2020-10-01,2022-10-01,147.86,1035.0,1044.4,9.4,-2.11,7.29,0.91,0.7
Pacific,UIMT.AS,5.0,2020-10-01,2022-10-01,70.13,350.66,308.85,-41.81,-8.58,-50.39,-11.92,-14.37
Emerging markets,AYEM.DE,32.0,2020-10-01,2022-10-01,5.9,188.87,162.85,-26.02,0.0,-26.02,-13.78,-13.78
Nasdaq,NQSE.DE,43.0,2020-10-01,2022-10-01,9.9,425.57,303.06,-122.51,0.0,-122.51,-28.79,-28.79
Europe,IESE.AS,12.0,2020-10-01,2022-10-01,57.32,687.86,607.2,-80.66,-8.69,-89.35,-11.73,-12.99
PayPal,PYPL,3.0,2020-10-01,2022-10-01,188.81,566.43,258.21,-308.22,-1.5,-309.72,-54.41,-54.68
Cloudflare,NET,0.0,2020-10-01,2022-10-01,68.87,275.48,0.0,0.0,163.45,163.45,0.0,59.33
MongoDB,MDB,0.0,2020-10-01,2022-10-01,300.16,300.16,0.0,0.0,126.07,126.07,0.0,42.0
Tilray Brands,TLRY,0.0,2020-10-01,2022-10-01,30.17,150.85,0.0,0.0,21.42,21.42,0.0,14.2
SNDL Inc.,SNDL,0.0,2020-10-01,2022-10-01,1.31,65.73,0.0,0.0,-5.07,-5.07,0.0,-7.71
Block Inc.,SQ,0.0,2020-10-01,2022-10-01,213.15,213.15,0.0,0.0,0.68,0.68,0.0,0.32
GameStop,GME,0.0,2020-10-01,2022-10-01,285.21,285.21,0.0,0.0,-210.22,-210.22,0.0,-73.71
BlackBerry,BB.TO,0.0,2020-10-01,2022-10-01,15.84,95.05,0.0,0.0,-29.57,-29.57,0.0,-31.11
Salesforce Inc.,CRM,0.0,2020-10-01,2022-10-01,183.91,183.91,0.0,0.0,1.36,1.36,0.0,0.74
Palantir Technologies,PLTR,0.0,2020-10-01,2022-10-01,27.26,190.82,0.0,0.0,-5.92,-5.92,0.0,-3.1
Emerging markets,SUSM.L,14.0,2020-10-01,2022-10-01,6.64,93.02,87.78,-5.24,-4.05,-9.29,-5.63,-9.99
Full portfolio,,116.0,2020-10-01,2022-10-01,44.03,5107.77,2772.35,-575.06,37.27,-537.79,-11.26,-10.53
USA,UIMP.AS,7.0,2020-10-01,2022-11-01,147.86,1035.0,1095.08,60.08,-2.11,57.97,5.8,5.6
Pacific,UIMT.AS,5.0,2020-10-01,2022-11-01,70.13,350.66,312.65,-38.01,-8.58,-46.59,-10.84,-13.29
Emerging markets,AYEM.DE,32.0,2020-10-01,2022-11-01,5.9,188.87,161.09,-27.78,0.0,-27.78,-14.71,-14.71
Nasdaq,NQSE.DE,43.0,2020-10-01,2022-11-01,9.9,425.57,302.98,-122.59,0.0,-122.59,-28.81,-28.81
Europe,IESE.AS,12.0,2020-10-01,2022-11-01,57.32,687.86,639.0,-48.86,-8.69,-57.55,-7.1,-8.37
PayPal,PYPL,3.0,2020-10-01,2022-11-01,188.81,566.43,249.33,-317.1,-1.5,-318.6,-55.98,-56.25
Cloudflare,NET,0.0,2020-10-01,2022-11-01,68.87,275.48,0.0,0.0,163.45,163.45,0.0,59.33
MongoDB,MDB,0.0,2020-10-01,2022-11-01,300.16,300.16,0.0,0.0,126.07,126.07,0.0,42.0
Tilray Brands,TLRY,0.0,2020-10-01,2022-11-01,30.17,150.85,0.0,0.0,21.42,21.42,0.0,14.2
SNDL Inc.,SNDL,0.0,2020-10-01,2022-11-01,1.31,65.73,0.0,0.0,-5.07,-5.07,0.0,-7.71
Block Inc.,SQ,0.0,2020-10-01,2022-11-01,213.15,213.15,0.0,0.0,0.68,0.68,0.0,0.32
GameStop,GME,0.0,2020-10-01,2022-11-01,285.21,285.21,0.0,0.0,-210.22,-210.22,0.0,-73.71
BlackBerry,BB.TO,0.0,2020-10-01,2022-11-01,15.84,95.05,0.0,0.0,-29.57,-29.57,0.0,-31.11
Salesforce Inc.,CRM,0.0,2020-10-01,2022-11-01,183.91,183.91,0.0,0.0,1.36,1.36,0.0,0.74
Palantir Technologies,PLTR,0.0,2020-10-01,2022-11-01,27.26,190.82,0.0,0.0,-5.92,-5.92,0.0,-3.1
Emerging markets,SUSM.L,14.0,2020-10-01,2022-11-01,6.64,93.02,86.9,-6.12,-4.05,-10.17,-6.57,-10.93
Full portfolio,,116.0,2020-10-01,2022-11-01,44.03,5107.77,2847.03,-500.38,37.27,-463.11,-9.8,-9.07
USA,UIMP.AS,7.0,2020-10-01,2022-12-01,147.86,1035.0,1095.64,60.64,-2.11,58.53,5.86,5.66
Pacific,UIMT.AS,5.0,2020-10-01,2022-12-01,70.13,350.66,330.0,-20.66,-8.58,-29.24,-5.89,-8.34
Emerging markets,AYEM.DE,32.0,2020-10-01,2022-12-01,5.9,188.87,170.72,-18.15,0.0,-18.15,-9.61,-9.61
Nasdaq,NQSE.DE,43.0,2020-10-01,2022-12-01,9.9,425.57,320.65,-104.92,0.0,-104.92,-24.65,-24.65
Europe,IESE.AS,12.0,2020-10-01,2022-12-01,57.32,687.86,691.32,3.46,-8.69,-5.23,0.5,-0.76
PayPal,PYPL,3.0,2020-10-01,2022-12-01,188.81,566.43,235.59,-330.84,-1.5,-332.34,-58.41,-58.67
Cloudflare,NET,0.0,2020-10-01,2022-12-01,68.87,275.48,0.0,0.0,163.45,163.45,0.0,59.33
MongoDB,MDB,0.0,2020-10-01,2022-12-01,300.16,300.16,0.0,0.0,126.07,126.07,0.0,42.0
Tilray Brands,TLRY,0.0,2020-10-01,2022-12-01,30.17,150.85,0.0,0.0,21.42,21.42,0.0,14.2
SNDL Inc.,SNDL,0.0,2020-10-01,2022-12-01,1.31,65.73,0.0,0.0,-5.07,-5.07,0.0,-7.71
Block Inc.,SQ,0.0,2020-10-01,2022-12-01,213.15,213.15,0.0,0.0,0.68,0.68,0.0,0.32
GameStop,GME,0.0,2020-10-01,2022-12-01,285.21,285.21,0.0,0.0,-210.22,-210.22,0.0,-73.71
BlackBerry,BB.TO,0.0,2020-10-01,2022-12-01,15.84,95.05,0.0,0.0,-29.57,-29.57,0.0,-31.11
Salesforce Inc.,CRM,0.0,2020-10-01,2022-12-01,183.91,183.91,0.0,0.0,1.36,1.36,0.0,0.74
Palantir Technologies,PLTR,0.0,2020-10-01,2022-12-01,27.26,190.82,0.0,0.0,-5.92,-5.92,0.0,-3.1
Emerging markets,SUSM.L,14.0,2020-10-01,2022-12-01,6.64,93.02,97.12,4.11,-4.05,0.06,4.41,0.06
Full portfolio,,116.0,2020-10-01,2022-12-01,44.03,5107.77,2941.04,-406.36,37.27,-369.09,-7.96,-7.23
USA,UIMP.AS,7.0,2020-10-01,2023-01-01,147.86,1035.0,1003.8,-31.2,-2.11,-33.31,-3.01,-3.22
Pacific,UIMT.AS,5.0,2020-10-01,2023-01-01,70.13,350.66,314.85,-35.81,-8.58,-44.39,-10.21,-12.66
Emerging markets,AYEM.DE,32.0,2020-10-01,2023-01-01,5.9,188.87,164.35,-24.52,0.0,-24.52,-12.98,-12.98
Nasdaq,NQSE.DE,43.0,2020-10-01,2023-01-01,9.9,425.57,289.39,-136.18,0.0,-136.18,-32.0,-32.0
Europe,IESE.AS,12.0,2020-10-01,2023-01-01,57.32,687.86,662.88,-24.98,-8.69,-33.67,-3.63,-4.89
PayPal,PYPL,3.0,2020-10-01,2023-01-01,188.81,566.43,213.66,-352.77,-1.5,-354.27,-62.28,-62.54
Cloudflare,NET,0.0,2020-10-01,2023-01-01,68.87,275.48,0.0,0.0,163.45,163.45,0.0,59.33
MongoDB,MDB,0.0,2020-10-01,2023-01-01,300.16,300.16,0.0,0.0,126.07,126.07,0.0,42.0
Tilray Brands,TLRY,0.0,2020-10-01,2023-01-01,30.17,150.85,0.0,0.0,21.42,21.42,0.0,14.2
SNDL Inc.,SNDL,0.0,2020-10-01,2023-01-01,1.31,65.73,0.0,0.0,-5.07,-5.07,0.0,-7.71
Block Inc.,SQ,0.0,2020-10-01,2023-01-01,213.15,213.15,0.0,0.0,0.68,0.68,0.0,0.32
GameStop,GME,0.0,2020-10-01,2023-01-01,285.21,285.21,0.0,0.0,-210.22,-210.22,0.0,-73.71
BlackBerry,BB.TO,0.0,2020-10-01,2023-01-01,15.84,95.05,0.0,0.0,-29.57,-29.57,0.0,-31.11
Salesforce Inc.,CRM,0.0,2020-10-01,2023-01-01,183.91,183.91,0.0,0.0,1.36,1.36,0.0,0.74
Palantir Technologies,PLTR,0.0,2020-10-01,2023-01-01,27.26,190.82,0.0,0.0,-5.92,-5.92,0.0,-3.1
Emerging markets,SUSM.L,14.0,2020-10-01,2023-01-01,6.64,93.02,95.9,2.88,-4.05,-1.17,3.1,-1.26
Full portfolio,,116.0,2020-10-01,2023-01-01,44.03,5107.77,2744.83,-602.58,37.27,-565.31,-11.8,-11.07
USA,UIMP.AS,7.0,2020-10-01,2023-02-01,147.86,1035.0,1059.8,24.8,-2.11,22.69,2.4,2.19
Pacific,UIMT.AS,5.0,2020-10-01,2023-02-01,70.13,350.66,329.1,-21.56,-8.58,-30.14,-6.15,-8.6
Emerging markets,AYEM.DE,32.0,2020-10-01,2023-02-01,5.9,188.87,175.68,-13.19,0.0,-13.19,-6.98,-6.98
Nasdaq,NQSE.DE,43.0,2020-10-01,2023-02-01,9.9,425.57,320.91,-104.66,0.0,-104.66,-24.59,-24.59
Europe,IESE.AS,12.0,2020-10-01,2023-02-01,57.32,687.86,707.76,19.9,-8.69,11.21,2.89,1.63
PayPal,PYPL,3.0,2020-10-01,2023-02-01,188.81,566.43,248.73,-317.7,-1.5,-319.2,-56.09,-56.35
Cloudflare,NET,0.0,2020-10-01,2023-02-01,68.87,275.48,0.0,0.0,163.45,163.45,0.0,59.33
MongoDB,MDB,0.0,2020-10-01,2023-02-01,300.16,300.16,0.0,0.0,126.07,126.07,0.0,42.0
Tilray Brands,TLRY,0.0,2020-10-01,2023-02-01,30.17,150.85,0.0,0.0,21.42,21.42,0.0,14.2
SNDL Inc.,SNDL,0.0,2020-10-01,2023-02-01,1.31,65.73,0.0,0.0,-5.07,-5.07,0.0,-7.71
Block Inc.,SQ,0.0,2020-10-01,2023-02-01,213.15,213.15,0.0,0.0,0.68,0.68,0.0,0.32
GameStop,GME,0.0,2020-10-01,2023-02-01,285.21,285.21,0.0,0.0,-210.22,-210.22,0.0,-73.71
BlackBerry,BB.TO,0.0,2020-10-01,2023-02-01,15.84,95.05,0.0,0.0,-29.57,-29.57,0.0,-31.11
Salesforce Inc.,CRM,0.0,2020-10-01,2023-02-01,183.91,183.91,0.0,0.0,1.36,1.36,0.0,0.74
Palantir Technologies,PLTR,0.0,2020-10-01,2023-02-01,27.26,190.82,0.0,0.0,-5.92,-5.92,0.0,-3.1
Emerging markets,SUSM.L,14.0,2020-10-01,2023-02-01,6.64,93.02,103.57,10.55,-4.05,6.5,11.34,6.98
Full portfolio,,116.0,2020-10-01,2023-02-01,44.03,5107.77,2945.55,-401.86,37.27,-364.59,-7.87,-7.14
USA,UIMP.AS,7.0,2020-10-01,2023-03-01,147.86,1035.0,1065.12,30.12,-2.11,28.01,2.91,2.71
Pacific,UIMT.AS,5.0,2020-10-01,2023-03-01,70.13,350.66,322.5,-28.16,-8.58,-36.74,-8.03,-10.48
Emerging markets,AYEM.DE,32.0,2020-10-01,2023-03-01,5.9,188.87,169.15,-19.72,0.0,-19.72,-10.44,-10.44
Nasdaq,NQSE.DE,43.0,2020-10-01,2023-03-01,9.9,425.57,316.44,-109.13,0.0,-109.13,-25.64,-25.64
Europe,IESE.AS,12.0,2020-10-01,2023-03-01,57.32,687.86,713.76,25.9,-8.69,17.21,3.77,2.5
PayPal,PYPL,3.0,2020-10-01,2023-03-01,188.81,566.43,221.46,-344.97,-1.5,-346.47,-60.9,-61.17
Cloudflare,NET,0.0,2020-10-01,2023-03-01,68.87,275.48,0.0,0.0,163.45,163.45,0.0,59.33
MongoDB,MDB,0.0,2020-10-01,2023-03-01,300.16,300.16,0.0,0.0,126.07,126.07,0.0,42.0
Tilray Brands,TLRY,0.0,2020-10-01,2023-03-01,30.17,150.85,0.0,0.0,21.42,21.42,0.0,14.2
SNDL Inc.,SNDL,0.0,2020-10-01,2023-03-01,1.31,65.73,0.0,0.0,-5.07,-5.07,0.0,-7.71
Block Inc.,SQ,0.0,2020-10-01,2023-03-01,213.15,213.15,0.0,0.0,0.68,0.68,0.0,0.32
GameStop,GME,0.0,2020-10-01,2023-03-01,285.21,285.21,0.0,0.0,-210.22,-210.22,0.0,-73.71
BlackBerry,BB.TO,0.0,2020-10-01,2023-03-01,15.84,95.05,0.0,0.0,-29.57,-29.57,0.0,-31.11
Salesforce Inc.,CRM,0.0,2020-10-01,2023-03-01,183.91,183.91,0.0,0.0,1.36,1.36,0.0,0.74
Palantir Technologies,PLTR,0.0,2020-10-01,2023-03-01,27.26,190.82,0.0,0.0,-5.92,-5.92,0.0,-3.1
Emerging markets,SUSM.L,14.0,2020-10-01,2023-03-01,6.64,93.02,96.04,3.02,-4.05,-1.03,3.25,-1.11
Full portfolio,,116.0,2020-10-01,2023-03-01,44.03,5107.77,2904.47,-442.94,37.27,-405.67,-8.67,-7.94
USA,UIMP.AS,7.0,2020-10-01,2023-04-01,147.86,1035.0,1080.38,45.38,-2.11,43.27,4.38,4.18
Pacific,UIMT.AS,5.0,2020-10-01,2023-04-01,70.13,350.66,325.55,-25.11,-8.58,-33.69,-7.16,-9.61
Emerging markets,AYEM.DE,32.0,2020-10-01,2023-04-01,5.9,188.87,168.29,-20.58,0.0,-20.58,-10.9,-10.9
Nasdaq,NQSE.DE,43.0,2020-10-01,2023-04-01,9.9,425.57,345.38,-80.19,0.0,-80.19,-18.84,-18.84
Europe,IESE.AS,12.0,2020-10-01,2023-04-01,57.32,687.86,728.88,41.02,-8.69,32.33,5.96,4.7
PayPal,PYPL,3.0,2020-10-01,2023-04-01,188.81,566.43,227.82,-338.61,-1.5,-340.11,-59.78,-60.04
Cloudflare,NET,0.0,2020-10-01,2023-04-01,68.87,275.48,0.0,0.0,163.45,163.45,0.0,59.33
MongoDB,MDB,0.0,2020-10-01,2023-04-01,300.16,300.16,0.0,0.0,126.07,126.07,0.0,42.0
Tilray Brands,TLRY,0.0,2020-10-01,2023-04-01,30.17,150.85,0.0,0.0,21.42,21.42,0.0,14.2
SNDL Inc.,SNDL,0.0,2020-10-01,2023-04-01,1.31,65.73,0.0,0.0,-5.07,-5.07,0.0,-7.71
Block Inc.,SQ,0.0,2020-10-01,2023-04-01,213.15,213.15,0.0,0.0,0.68,0.68,0.0,0.32
GameStop,GME,0.0,2020-10-01,2023-04-01,285.21,285.21,0.0,0.0,-210.22,-210.22,0.0,-73.71
BlackBerry,BB.TO,0.0,2020-10-01,2023-04-01,15.84,95.05,0.0,0.0,-29.57,-29.57,0.0,-31.11
Salesforce Inc.,CRM,0.0,2020-10-01,2023-04-01,183.91,183.91,0.0,0.0,1.36,1.36,0.0,0.74
Palantir Technologies,PLTR,0.0,2020-10-01,2023-04-01,27.26,190.82,0.0,0.0,-5.92,-5.92,0.0,-3.1
Emerging markets,SUSM.L,14.0,2020-10-01,2023-04-01,6.64,93.02,97.05,4.03,-4.05,-0.02,4.34,-0.02
Full portfolio,,116.0,2020-10-01,2023-04-01,44.03,5107.77,2973.35,-374.06,37.27,-336.79,-7.32,-6.59
USA,UIMP.AS,7.0,2020-10-01,2023-05-01,147.86,1035.0,1062.18,27.18,-2.11,25.07,2.63,2.42
Pacific,UIMT.AS,5.0,2020-10-01,2023-05-01,70.13,350.66,324.55,-26.11,-8.58,-34.69,-7.45,-9.89
Emerging markets,AYEM.DE,32.0,2020-10-01,2023-05-01,5.9,188.87,164.58,-24.29,0.0,-24.29,-12.86,-12.86
Nasdaq,NQSE.DE,43.0,2020-10-01,2023-05-01,9.9,425.57,347.18,-78.39,0.0,-78.39,-18.42,-18.42
Europe,IESE.AS,12.0,2020-10-01,2023-05-01,57.32,687.86,747.0,59.14,-8.69,50.45,8.6,7.33
PayPal,PYPL,3.0,2020-10-01,2023-05-01,188.81,566.43,225.33,-341.1,-1.5,-342.6,-60.22,-60.48
Cloudflare,NET,0.0,2020-10-01,2023-05-01,68.87,275.48,0.0,0.0,163.45,163.45,0.0,59.33
MongoDB,MDB,0.0,2020-10-01,2023-05-01,300.16,300.16,0.0,0.0,126.07,126.07,0.0,42.0
Tilray Brands,TLRY,0.0,2020-10-01,2023-05-01,30.17,150.85,0.0,0.0,21.42,21.42,0.0,14.2
SNDL Inc.,SNDL,0.0,2020-10-01,2023-05-01,1.31,65.73,0.0,0.0,-5.07,-5.07,0.0,-7.71
Block Inc.,SQ,0.0,2020-10-01,2023-05-01,213.15,213.15,0.0,0.0,0.68,0.68,0.0,0.32
GameStop,GME,0.0,2020-10-01,2023-05-01,285.21,285.21,0.0,0.0,-210.22,-210.22,0.0,-73.71
BlackBerry,BB.TO,0.0,2020-10-01,2023-05-01,15.84,95.05,0.0,0.0,-29.57,-29.57,0.0,-31.11
Salesforce Inc.,CRM,0.0,2020-10-01,2023-05-01,183.91,183.91,0.0,0.0,1.36,1.36,0.0,0.74
Palantir Technologies,PLTR,0.0,2020-10-01,2023-05-01,27.26,190.82,0.0,0.0,-5.92,-5.92,0.0,-3.1
Emerging markets,SUSM.L,14.0,2020-10-01,2023-05-01,6.64,93.02,96.27,3.25,-4.05,-0.8,3.49,-0.86
Full portfolio,,116.0,2020-10-01,2023-05-01,44.03,5107.77,2967.09,-380.32,37.27,-343.05,-7.45,-6.72
USA,UIMP.AS,7.0,2020-10-01,2023-06-01,147.86,1035.0,1114.4,79.4,-2.11,77.29,7.67,7.47
Pacific,UIMT.AS,5.0,2020-10-01,2023-06-01,70.13,350.66,334.1,-16.56,-8.58,-25.14,-4.72,-7.17
Emerging markets,AYEM.DE,32.0,2020-10-01,2023-06-01,5.9,188.87,168.51,-20.36,0.0,-20.36,-10.78,-10.78
Nasdaq,NQSE.DE,43.0,2020-10-01,2023-06-01,9.9,425.57,379.65,-45.92,0.0,-45.92,-10.79,-10.79
Europe,IESE.AS,12.0,2020-10-01,2023-06-01,57.32,687.86,725.28,37.42,-8.69,28.73,5.44,4.18
PayPal,PYPL,3.0,2020-10-01,2023-06-01,188.81,566.43,189.15,-377.28,-1.5,-378.78,-66.61,-66.87
Cloudflare,NET,0.0,2020-10-01,2023-06-01,68.87,275.48,0.0,0.0,163.45,163.45,0.0,59.33
MongoDB,MDB,0.0,2020-10-01,2023-06-01,300.16,300.16,0.0,0.0,126.07,126.07,0.0,42.0
Tilray Brands,TLRY,0.0,2020-10-01,2023-06-01,30.17,150.85,0.0,0.0,21.42,21.42,0.0,14.2
SNDL Inc.,SNDL,0.0,2020-10-01,2023-06-01,1.31,65.73,0.0,0.0,-5.07,-5.07,0.0,-7.71
Block Inc.,SQ,0.0,2020-10-01,2023-06-01,213.15,213.15,0.0,0.0,0.68,0.68,0.0,0.32
GameStop,GME,0.0,2020-10-01,2023-06-01,285.21,285.21,0.0,0.0,-210.22,-210.22,0.0,-73.71
BlackBerry,BB.TO,0.0,2020-10-01,2023-06-01,15.84,95.05,0.0,0.0,-29.57,-29.57,0.0,-31.11
Salesforce Inc.,CRM,0.0,2020-10-01,2023-06-01,183.91,183.91,0.0,0.0,1.36,1.36,0.0,0.74
Palantir Technologies,PLTR,0.0,2020-10-01,2023-06-01,27.26,190.82,0.0,0.0,-5.92,-5.92,0.0,-3.1
Emerging markets,SUSM.L,14.0,2020-10-01,2023-06-01,6.64,93.02,94.71,1.69,-4.05,-2.36,1.82,-2.54
Full portfolio,,116.0,2020-10-01,2023-06-01,44.03,5107.77,3005.8,-341.61,37.27,-304.34,-6.69,-5.96
Nasdaq,NQSE.DE,51.0,2020-10-01,2023-07-01,9.74,496.85,473.59,-23.26,-1.0,-24.26,-4.68,-4.88
Emerging markets,AYEM.DE,51.0,2020-10-01,2023-07-01,5.72,291.87,271.83,-20.04,-1.0,-21.04,-6.87,-7.21
Pacific,UIMT.AS,7.0,2020-10-01,2023-07-01,69.67,487.68,470.05,-17.63,-11.58,-29.21,-3.62,-5.99
Europe,IESE.AS,15.0,2020-10-01,2023-07-01,58.12,871.76,919.8,48.04,-11.69,36.35,5.51,4.17
USA,UIMP.AS,9.0,2020-10-01,2023-07-01,151.45,1363.08,1515.24,152.16,-3.11,149.05,11.16,10.93
PayPal,PYPL,3.0,2020-10-01,2023-07-01,188.81,566.43,200.19,-366.24,-1.5,-367.74,-64.66,-64.92
Cloudflare,NET,0.0,2020-10-01,2023-07-01,68.87,275.48,0.0,0.0,163.45,163.45,0.0,59.33
MongoDB,MDB,0.0,2020-10-01,2023-07-01,300.16,300.16,0.0,0.0,126.07,126.07,0.0,42.0
Tilray Brands,TLRY,0.0,2020-10-01,2023-07-01,30.17,150.85,0.0,0.0,21.42,21.42,0.0,14.2
SNDL Inc.,SNDL,0.0,2020-10-01,2023-07-01,1.31,65.73,0.0,0.0,-5.07,-5.07,0.0,-7.71
Block Inc.,SQ,0.0,2020-10-01,2023-07-01,213.15,213.15,0.0,0.0,0.68,0.68,0.0,0.32
GameStop,GME,0.0,2020-10-01,2023-07-01,285.21,285.21,0.0,0.0,-210.22,-210.22,0.0,-73.71
BlackBerry,BB.TO,0.0,2020-10-01,2023-07-01,15.84,95.05,0.0,0.0,-29.57,-29.57,0.0,-31.11
Salesforce Inc.,CRM,0.0,2020-10-01,2023-07-01,183.91,183.91,0.0,0.0,1.36,1.36,0.0,0.74
Palantir Technologies,PLTR,0.0,2020-10-01,2023-07-01,27.26,190.82,0.0,0.0,-5.92,-5.92,0.0,-3.1
Emerging markets,SUSM.L,14.0,2020-10-01,2023-07-01,6.64,93.02,96.7,3.68,-4.05,-0.37,3.96,-0.39
Full portfolio,,150.0,2020-10-01,2023-07-01,39.54,5931.05,3947.4,-223.29,28.27,-195.02,-3.76,-3.29
Nasdaq,NQSE.DE,51.0,2020-10-01,2023-08-01,9.74,496.85,490.16,-6.69,-1.0,-7.69,-1.35,-1.55
Emerging markets,AYEM.DE,51.0,2020-10-01,2023-08-01,5.72,291.87,282.74,-9.13,-1.0,-10.13,-3.13,-3.47
Pacific,UIMT.AS,7.0,2020-10-01,2023-08-01,69.67,487.68,467.11,-20.57,-11.58,-32.15,-4.22,-6.59
Europe,IESE.AS,15.0,2020-10-01,2023-08-01,58.12,871.76,926.55,54.79,-11.69,43.1,6.28,4.94
USA,UIMP.AS,9.0,2020-10-01,2023-08-01,151.45,1363.08,1559.34,196.26,-3.11,193.15,14.4,14.17
PayPal,PYPL,3.0,2020-10-01,2023-08-01,188.81,566.43,226.59,-339.84,-1.5,-341.34,-60.0,-60.26
Cloudflare,NET,0.0,2020-10-01,2023-08-01,68.87,275.48,0.0,0.0,163.45,163.45,0.0,59.33
MongoDB,MDB,0.0,2020-10-01,2023-08-01,300.16,300.16,0.0,0.0,126.07,126.07,0.0,42.0
Tilray Brands,TLRY,0.0,2020-10-01,2023-08-01,30.17,150.85,0.0,0.0,21.42,21.42,0.0,14.2
SNDL Inc.,SNDL,0.0,2020-10-01,2023-08-01,1.31,65.73,0.0,0.0,-5.07,-5.07,0.0,-7.71
Block Inc.,SQ,0.0,2020-10-01,2023-08-01,213.15,213.15,0.0,0.0,0.68,0.68,0.0,0.32
GameStop,GME,0.0,2020-10-01,2023-08-01,285.21,285.21,0.0,0.0,-210.22,-210.22,0.0,-73.71
BlackBerry,BB.TO,0.0,2020-10-01,2023-08-01,15.84,95.05,0.0,0.0,-29.57,-29.57,0.0,-31.11
Salesforce Inc.,CRM,0.0,2020-10-01,2023-08-01,183.91,183.91,0.0,0.0,1.36,1.36,0.0,0.74
Palantir Technologies,PLTR,0.0,2020-10-01,2023-08-01,27.26,190.82,0.0,0.0,-5.92,-5.92,0.0,-3.1
Emerging markets,SUSM.L,14.0,2020-10-01,2023-08-01,6.64,93.02,102.41,9.39,-4.05,5.34,10.09,5.74
Full portfolio,,150.0,2020-10-01,2023-08-01,39.54,5931.05,4054.9,-115.79,28.27,-87.52,-1.95,-1.48
Nasdaq,NQSE.DE,51.0,2020-10-01,2023-09-01,9.74,496.85,481.95,-14.9,-1.0,-15.9,-3.0,-3.2
Emerging markets,AYEM.DE,51.0,2020-10-01,2023-09-01,5.72,291.87,276.73,-15.14,-1.0,-16.14,-5.19,-5.53
Pacific,UIMT.AS,7.0,2020-10-01,2023-09-01,69.67,487.68,458.01,-29.67,-11.58,-41.25,-6.08,-8.46
Europe,IESE.AS,15.0,2020-10-01,2023-09-01,58.12,871.76,913.35,41.59,-11.69,29.9,4.77,3.43
USA,UIMP.AS,9.0,2020-10-01,2023-09-01,151.45,1363.08,1566.54,203.46,-3.11,200.35,14.93,14.7
PayPal,PYPL,3.0,2020-10-01,2023-09-01,188.81,566.43,190.71,-375.72,-1.5,-377.22,-66.33,-66.6
Cloudflare,NET,0.0,2020-10-01,2023-09-01,68.87,275.48,0.0,0.0,163.45,163.45,0.0,59.33
MongoDB,MDB,0.0,2020-10-01,2023-09-01,300.16,300.16,0.0,0.0,126.07,126.07,0.0,42.0
Tilray Brands,TLRY,0.0,2020-10-01,2023-09-01,30.17,150.85,0.0,0.0,21.42,21.42,0.0,14.2
SNDL Inc.,SNDL,0.0,2020-10-01,2023-09-01,1.31,65.73,0.0,0.0,-5.07,-5.07,0.0,-7.71
Block Inc.,SQ,0.0,2020-10-01,2023-09-01,213.15,213.15,0.0,0.0,0.68,0.68,0.0,0.32
GameStop,GME,0.0,2020-10-01,2023-09-01,285.21,285.21,0.0,0.0,-210.22,-210.22,0.0,-73.71
BlackBerry,BB.TO,0.0,2020-10-01,2023-09-01,15.84,95.05,0.0,0.0,-29.57,-29.57,0.0,-31.11
Salesforce Inc.,CRM,0.0,2020-10-01,2023-09-01,183.91,183.91,0.0,0.0,1.36,1.36,0.0,0.74
Palantir Technologies,PLTR,0.0,2020-10-01,2023-09-01,27.26,190.82,0.0,0.0,-5.92,-5.92,0.0,-3.1
Emerging markets,SUSM.L,14.0,2020-10-01,2023-09-01,6.64,93.02,96.04,3.02,-4.05,-1.03,3.25,-1.11
Full portfolio,,150.0,2020-10-01,2023-09-01,39.54,5931.05,3983.33,-187.36,28.27,-159.09,-3.16,-2.68
Nasdaq,NQSE.DE,51.0,2020-10-01,2023-10-01,9.74,496.85,459.05,-37.8,-1.0,-38.8,-7.61,-7.81
Emerging markets,AYEM.DE,51.0,2020-10-01,2023-10-01,5.72,291.87,271.22,-20.65,-1.0,-21.65,-7.08,-7.42
Pacific,UIMT.AS,7.0,2020-10-01,2023-10-01,69.67,487.68,450.31,-37.37,-11.58,-48.95,-7.66,-10.04
Europe,IESE.AS,15.0,2020-10-01,2023-10-01,58.12,871.76,889.05,17.29,-11.69,5.6,1.98,0.64
USA,UIMP.AS,9.0,2020-10-01,2023-10-01,151.45,1363.08,1522.08,159.0,-3.11,155.89,11.66,11.44
PayPal,PYPL,3.0,2020-10-01,2023-10-01,188.81,566.43,175.38,-391.05,-1.5,-392.55,-69.04,-69.3
Cloudflare,NET,0.0,2020-10-01,2023-10-01,68.87,275.48,0.0,0.0,163.45,163.45,0.0,59.33
MongoDB,MDB,0.0,2020-10-01,2023-10-01,300.16,300.16,0.0,0.0,126.07,126.07,0.0,42.0
Tilray Brands,TLRY,0.0,2020-10-01,2023-10-01,30.17,150.85,0.0,0.0,21.42,21.42,0.0,14.2
SNDL Inc.,SNDL,0.0,2020-10-01,2023-10-01,1.31,65.73,0.0,0.0,-5.07,-5.07,0.0,-7.71
Block Inc.,SQ,0.0,2020-10-01,2023-10-01,213.15,213.15,0.0,0.0,0.68,0.68,0.0,0.32
GameStop,GME,0.0,2020-10-01,2023-10-01,285.21,285.21,0.0,0.0,-210.22,-210.22,0.0,-73.71
BlackBerry,BB.TO,0.0,2020-10-01,2023-10-01,15.84,95.05,0.0,0.0,-29.57,-29.57,0.0,-31.11
Salesforce Inc.,CRM,0.0,2020-10-01,2023-10-01,183.91,183.91,0.0,0.0,1.36,1.36,0.0,0.74
Palantir Technologies,PLTR,0.0,2020-10-01,2023-10-01,27.26,190.82,0.0,0.0,-5.92,-5.92,0.0,-3.1
Emerging markets,SUSM.L,14.0,2020-10-01,2023-10-01,6.64,93.02,91.88,-1.14,-4.05,-5.19,-1.23,-5.58
Full portfolio,,150.0,2020-10-01,2023-10-01,39.54,5931.05,3858.97,-311.72,28.27,-283.45,-5.26,-4.78
Nasdaq,NQSE.DE,51.0,2020-10-01,2023-11-01,9.74,496.85,450.13,-46.72,-1.0,-47.72,-9.4,-9.61
Emerging markets,AYEM.DE,51.0,2020-10-01,2023-11-01,5.72,291.87,263.87,-28.0,-1.0,-29.0,-9.59,-9.93
Pacific,UIMT.AS,7.0,2020-10-01,2023-11-01,69.67,487.68,442.26,-45.42,-11.58,-57.0,-9.31,-11.69
Europe,IESE.AS,15.0,2020-10-01,2023-11-01,58.12,871.76,871.05,-0.71,-11.69,-12.4,-0.08,-1.42
USA,UIMP.AS,9.0,2020-10-01,2023-11-01,151.45,1363.08,1450.44,87.36,-3.11,84.25,6.41,6.18
PayPal,PYPL,3.0,2020-10-01,2023-11-01,188.81,566.43,154.98,-411.45,-1.5,-412.95,-72.64,-72.9
Cloudflare,NET,0.0,2020-10-01,2023-11-01,68.87,275.48,0.0,0.0,163.45,163.45,0.0,59.33
MongoDB,MDB,0.0,2020-10-01,2023-11-01,300.16,300.16,0.0,0.0,126.07,126.07,0.0,42.0
Tilray Brands,TLRY,0.0,2020-10-01,2023-11-01,30.17,150.85,0.0,0.0,21.42,21.42,0.0,14.2
SNDL Inc.,SNDL,0.0,2020-10-01,2023-11-01,1.31,65.73,0.0,0.0,-5.07,-5.07,0.0,-7.71
Block Inc.,SQ,0.0,2020-10-01,2023-11-01,213.15,213.15,0.0,0.0,0.68,0.68,0.0,0.32
GameStop,GME,0.0,2020-10-01,2023-11-01,285.21,285.21,0.0,0.0,-210.22,-210.22,0.0,-73.71
BlackBerry,BB.TO,0.0,2020-10-01,2023-11-01,15.84,95.05,0.0,0.0,-29.57,-29.57,0.0,-31.11
Salesforce Inc.,CRM,0.0,2020-10-01,2023-11-01,183.91,183.91,0.0,0.0,1.36,1.36,0.0,0.74
Palantir Technologies,PLTR,0.0,2020-10-01,2023-11-01,27.26,190.82,0.0,0.0,-5.92,-5.92,0.0,-3.1
Emerging markets,SUSM.L,14.0,2020-10-01,2023-11-01,6.64,93.02,88.86,-4.16,-4.05,-8.21,-4.47,-8.82
Full portfolio,,150.0,2020-10-01,2023-11-01,39.54,5931.05,3721.59,-449.1,28.27,-420.83,-7.57,-7.1
Nasdaq,NQSE.DE,51.0,2020-10-01,2023-12-01,9.74,496.85,492.35,-4.5,-1.0,-5.5,-0.9,-1.11
Emerging markets,AYEM.DE,51.0,2020-10-01,2023-12-01,5.72,291.87,274.94,-16.93,-1.0,-17.93,-5.8,-6.14
Pacific,UIMT.AS,7.0,2020-10-01,2023-12-01,69.67,487.68,458.15,-29.53,-11.58,-41.11,-6.06,-8.43
Europe,IESE.AS,15.0,2020-10-01,2023-12-01,58.12,871.76,939.3,67.54,-11.69,55.85,7.75,6.41
USA,UIMP.AS,9.0,2020-10-01,2023-12-01,151.45,1363.08,1570.14,207.06,-3.11,203.95,15.19,14.96
PayPal,PYPL,3.0,2020-10-01,2023-12-01,188.81,566.43,178.95,-387.48,-1.5,-388.98,-68.41,-68.67
Cloudflare,NET,0.0,2020-10-01,2023-12-01,68.87,275.48,0.0,0.0,163.45,163.45,0.0,59.33
MongoDB,MDB,0.0,2020-10-01,2023-12-01,300.16,300.16,0.0,0.0,126.07,126.07,0.0,42.0
Tilray Brands,TLRY,0.0,2020-10-01,2023-12-01,30.17,150.85,0.0,0.0,21.42,21.42,0.0,14.2
SNDL Inc.,SNDL,0.0,2020-10-01,2023-12-01,1.31,65.73,0.0,0.0,-5.07,-5.07,0.0,-7.71
Block Inc.,SQ,0.0,2020-10-01,2023-12-01,213.15,213.15,0.0,0.0,0.68,0.68,0.0,0.32
GameStop,GME,0.0,2020-10-01,2023-12-01,285.21,285.21,0.0,0.0,-210.22,-210.22,0.0,-73.71
BlackBerry,BB.TO,0.0,2020-10-01,2023-12-01,15.84,95.05,0.0,0.0,-29.57,-29.57,0.0,-31.11
Salesforce Inc.,CRM,0.0,2020-10-01,2023-12-01,183.91,183.91,0.0,0.0,1.36,1.36,0.0,0.74
Palantir Technologies,PLTR,0.0,2020-10-01,2023-12-01,27.26,190.82,0.0,0.0,-5.92,-5.92,0.0,-3.1
Emerging markets,SUSM.L,14.0,2020-10-01,2023-12-01,6.64,93.02,94.05,1.03,-4.05,-3.02,1.1,-3.25
Full portfolio,,150.0,2020-10-01,2023-12-01,39.54,5931.05,4007.88,-162.81,28.27,-134.54,-2.75,-2.27
Nasdaq,NQSE.DE,51.0,2020-10-01,2024-01-01,9.74,496.85,522.04,25.19,-1.0,24.19,5.07,4.87
Emerging markets,AYEM.DE,51.0,2020-10-01,2024-01-01,5.72,291.87,279.79,-12.08,-1.0,-13.08,-4.14,-4.48
Pacific,UIMT.AS,7.0,2020-10-01,2024-01-01,69.67,487.68,474.67,-13.01,-11.58,-24.59,-2.67,-5.04
Europe,IESE.AS,15.0,2020-10-01,2024-01-01,58.12,871.76,964.35,92.59,-11.69,80.9,10.62,9.28
USA,UIMP.AS,9.0,2020-10-01,2024-01-01,151.45,1363.08,1617.84,254.76,-3.11,251.65,18.69,18.46
PayPal,PYPL,3.0,2020-10-01,2024-01-01,188.81,566.43,184.23,-382.2,-1.5,-383.7,-67.48,-67.74
Cloudflare,NET,0.0,2020-10-01,2024-01-01,68.87,275.48,0.0,0.0,163.45,163.45,0.0,59.33
MongoDB,MDB,0.0,2020-10-01,2024-01-01,300.16,300.16,0.0,0.0,126.07,126.07,0.0,42.0
Tilray Brands,TLRY,0.0,2020-10-01,2024-01-01,30.17,150.85,0.0,0.0,21.42,21.42,0.0,14.2
SNDL Inc.,SNDL,0.0,2020-10-01,2024-01-01,1.31,65.73,0.0,0.0,-5.07,-5.07,0.0,-7.71
Block Inc.,SQ,0.0,2020-10-01,2024-01-01,213.15,213.15,0.0,0.0,0.68,0.68,0.0,0.32
GameStop,GME,0.0,2020-10-01,2024-01-01,285.21,285.21,0.0,0.0,-210.22,-210.22,0.0,-73.71
BlackBerry,BB.TO,0.0,2020-10-01,2024-01-01,15.84,95.05,0.0,0.0,-29.57,-29.57,0.0,-31.11
Salesforce Inc.,CRM,0.0,2020-10-01,2024-01-01,183.91,183.91,0.0,0.0,1.36,1.36,0.0,0.74
Palantir Technologies,PLTR,0.0,2020-10-01,2024-01-01,27.26,190.82,0.0,0.0,-5.92,-5.92,0.0,-3.1
Emerging markets,SUSM.L,14.0,2020-10-01,2024-01-01,6.64,93.02,97.02,4.0,-4.05,-0.05,4.3,-0.05
Full portfolio,,150.0,2020-10-01,2024-01-01,39.54,5931.05,4139.94,-30.75,28.27,-2.48,-0.52,-0.04
World,2B7K.DE,51.0,2020-10-01,2024-02-01,10.05,512.65,523.57,10.92,-1.0,9.92,2.13,1.93
Nasdaq,NQSE.DE,51.0,2020-10-01,2024-02-01,9.74,496.85,531.11,34.26,-1.0,33.26,6.9,6.69
Emerging markets,AYEM.DE,51.0,2020-10-01,2024-02-01,5.72,291.87,274.43,-17.44,-1.0,-18.44,-5.97,-6.32
Pacific,UIMT.AS,7.0,2020-10-01,2024-02-01,69.67,487.68,483.42,-4.26,-11.58,-15.84,-0.87,-3.25
Europe,IESE.AS,15.0,2020-10-01,2024-02-01,58.12,871.76,987.3,115.54,-11.69,103.85,13.25,11.91
USA,UIMP.AS,9.0,2020-10-01,2024-02-01,151.45,1363.08,1662.48,299.4,-3.11,296.29,21.96,21.74
PayPal,PYPL,3.0,2020-10-01,2024-02-01,188.81,566.43,186.06,-380.37,-1.5,-381.87,-67.15,-67.42
Cloudflare,NET,0.0,2020-10-01,2024-02-01,68.87,275.48,0.0,0.0,163.45,163.45,0.0,59.33
MongoDB,MDB,0.0,2020-10-01,2024-02-01,300.16,300.16,0.0,0.0,126.07,126.07,0.0,42.0
Tilray Brands,TLRY,0.0,2020-10-01,2024-02-01,30.17,150.85,0.0,0.0,21.42,21.42,0.0,14.2
SNDL Inc.,SNDL,0.0,2020-10-01,2024-02-01,1.31,65.73,0.0,0.0,-5.07,-5.07,0.0,-7.71
Block Inc.,SQ,0.0,2020-10-01,2024-02-01,213.15,213.15,0.0,0.0,0.68,0.68,0.0,0.32
GameStop,GME,0.0,2020-10-01,2024-02-01,285.21,285.21,0.0,0.0,-210.22,-210.22,0.0,-73.71
BlackBerry,BB.TO,0.0,2020-10-01,2024-02-01,15.84,95.05,0.0,0.0,-29.57,-29.57,0.0,-31.11
Salesforce Inc.,CRM,0.0,2020-10-01,2024-02-01,183.91,183.91,0.0,0.0,1.36,1.36,0.0,0.74
Palantir Technologies,PLTR,0.0,2020-10-01,2024-02-01,27.26,190.82,0.0,0.0,-5.92,-5.92,0.0,-3.1
Emerging markets,SUSM.L,14.0,2020-10-01,2024-02-01,6.64,93.02,91.32,-1.7,-4.05,-5.75,-1.83,-6.19
Full portfolio,,201.0,2020-10-01,2024-02-01,32.06,6443.7,4739.69,56.35,27.27,83.62,0.87,1.3
World,2B7K.DE,51.0,2020-10-01,2024-03-01,10.05,512.65,541.42,28.77,-1.0,27.77,5.61,5.42
Nasdaq,NQSE.DE,51.0,2020-10-01,2024-03-01,9.74,496.85,561.1,64.25,-1.0,63.25,12.93,12.73
Emerging markets,AYEM.DE,51.0,2020-10-01,2024-03-01,5.72,291.87,287.18,-4.69,-1.0,-5.69,-1.61,-1.95
Pacific,UIMT.AS,7.0,2020-10-01,2024-03-01,69.67,487.68,496.09,8.41,-11.58,-3.17,1.72,-0.65
Europe,IESE.AS,15.0,2020-10-01,2024-03-01,58.12,871.76,1018.05,146.29,-11.69,134.6,16.78,15.44
USA,UIMP.AS,9.0,2020-10-01,2024-03-01,151.45,1363.08,1760.94,397.86,-3.11,394.75,29.19,28.96
PayPal,PYPL,3.0,2020-10-01,2024-03-01,188.81,566.43,181.62,-384.81,-1.5,-386.31,-67.94,-68.2
Cloudflare,NET,0.0,2020-10-01,2024-03-01,68.87,275.48,0.0,0.0,163.45,163.45,0.0,59.33
MongoDB,MDB,0.0,2020-10-01,2024-03-01,300.16,300.16,0.0,0.0,126.07,126.07,0.0,42.0
Tilray Brands,TLRY,0.0,2020-10-01,2024-03-01,30.17,150.85,0.0,0.0,21.42,21.42,0.0,14.2
SNDL Inc.,SNDL,0.0,2020-10-01,2024-03-01,1.31,65.73,0.0,0.0,-5.07,-5.07,0.0,-7.71
Block Inc.,SQ,0.0,2020-10-01,2024-03-01,213.15,213.15,0.0,0.0,0.68,0.68,0.0,0.32
GameStop,GME,0.0,2020-10-01,2024-03-01,285.21,285.21,0.0,0.0,-210.22,-210.22,0.0,-73.71
BlackBerry,BB.TO,0.0,2020-10-01,2024-03-01,15.84,95.05,0.0,0.0,-29.57,-29.57,0.0,-31.11
Salesforce Inc.,CRM,0.0,2020-10-01,2024-03-01,183.91,183.91,0.0,0.0,1.36,1.36,0.0,0.74
Palantir Technologies,PLTR,0.0,2020-10-01,2024-03-01,27.26,190.82,0.0,0.0,-5.92,-5.92,0.0,-3.1
Emerging markets,SUSM.L,14.0,2020-10-01,2024-03-01,6.64,93.02,95.45,2.43,-4.05,-1.62,2.61,-1.75
Full portfolio,,201.0,2020-10-01,2024-03-01,32.06,6443.7,4941.85,258.51,27.27,285.78,4.01,4.44
World,2B7K.DE,51.0,2020-10-01,2024-04-01,10.05,512.65,553.96,41.31,-1.0,40.31,8.06,7.86
Nasdaq,NQSE.DE,51.0,2020-10-01,2024-04-01,9.74,496.85,563.24,66.39,-1.0,65.39,13.36,13.16
Emerging markets,AYEM.DE,51.0,2020-10-01,2024-04-01,5.72,291.87,293.71,1.84,-1.0,0.84,0.63,0.29
Pacific,UIMT.AS,7.0,2020-10-01,2024-04-01,69.67,487.68,499.38,11.7,-11.58,0.12,2.4,0.02
Europe,IESE.AS,15.0,2020-10-01,2024-04-01,58.12,871.76,1040.25,168.49,-11.69,156.8,19.33,17.99
USA,UIMP.AS,9.0,2020-10-01,2024-04-01,151.45,1363.08,1805.85,442.77,-3.11,439.66,32.48,32.25
PayPal,PYPL,3.0,2020-10-01,2024-04-01,188.81,566.43,195.09,-371.34,-1.5,-372.84,-65.56,-65.82
Cloudflare,NET,0.0,2020-10-01,2024-04-01,68.87,275.48,0.0,0.0,163.45,163.45,0.0,59.33
MongoDB,MDB,0.0,2020-10-01,2024-04-01,300.16,300.16,0.0,0.0,126.07,126.07,0.0,42.0
Tilray Brands,TLRY,0.0,2020-10-01,2024-04-01,30.17,150.85,0.0,0.0,21.42,21.42,0.0,14.2
SNDL Inc.,SNDL,0.0,2020-10-01,2024-04-01,1.31,65.73,0.0,0.0,-5.07,-5.07,0.0,-7.71
Block Inc.,SQ,0.0,2020-10-01,2024-04-01,213.15,213.15,0.0,0.0,0.68,0.68,0.0,0.32
GameStop,GME,0.0,2020-10-01,2024-04-01,285.21,285.21,0.0,0.0,-210.22,-210.22,0.0,-73.71
BlackBerry,BB.TO,0.0,2020-10-01,2024-04-01,15.84,95.05,0.0,0.0,-29.57,-29.57,0.0,-31.11
Salesforce Inc.,CRM,0.0,2020-10-01,2024-04-01,183.91,183.91,0.0,0.0,1.36,1.36,0.0,0.74
Palantir Technologies,PLTR,0.0,2020-10-01,2024-04-01,27.26,190.82,0.0,0.0,-5.92,-5.92,0.0,-3.1
Emerging markets,SUSM.L,14.0,2020-10-01,2024-04-01,6.64,93.02,95.83,2.81,-4.05,-1.24,3.02,-1.33
Full portfolio,,201.0,2020-10-01,2024-04-01,32.06,6443.7,5047.31,363.97,27.27,391.24,5.65,6.07
World,2B7K.DE,77.0,2020-10-01,2024-05-01,10.17,783.36,810.96,27.6,-2.0,25.6,3.52,3.27
Nasdaq,NQSE.DE,54.0,2020-10-01,2024-05-01,9.8,529.02,574.99,45.97,-4.0,41.97,8.69,7.93
Emerging markets,AYEM.DE,51.0,2020-10-01,2024-05-01,5.72,291.87,298.04,6.17,-1.0,5.17,2.12,1.77
Pacific,UIMT.AS,7.0,2020-10-01,2024-05-01,69.67,487.68,482.72,-4.96,-11.58,-16.54,-1.02,-3.39
Europe,IESE.AS,15.0,2020-10-01,2024-05-01,58.12,871.76,1014.6,142.84,-11.69,131.15,16.39,15.04
USA,UIMP.AS,9.0,2020-10-01,2024-05-01,151.45,1363.08,1735.74,372.66,-3.11,369.55,27.34,27.11
PayPal,PYPL,3.0,2020-10-01,2024-05-01,188.81,566.43,198.42,-368.01,-1.5,-369.51,-64.97,-65.23
Cloudflare,NET,0.0,2020-10-01,2024-05-01,68.87,275.48,0.0,0.0,163.45,163.45,0.0,59.33
MongoDB,MDB,0.0,2020-10-01,2024-05-01,300.16,300.16,0.0,0.0,126.07,126.07,0.0,42.0
Tilray Brands,TLRY,0.0,2020-10-01,2024-05-01,30.17,150.85,0.0,0.0,21.42,21.42,0.0,14.2
SNDL Inc.,SNDL,0.0,2020-10-01,2024-05-01,1.31,65.73,0.0,0.0,-5.07,-5.07,0.0,-7.71
Block Inc.,SQ,0.0,2020-10-01,2024-05-01,213.15,213.15,0.0,0.0,0.68,0.68,0.0,0.32
GameStop,GME,0.0,2020-10-01,2024-05-01,285.21,285.21,0.0,0.0,-210.22,-210.22,0.0,-73.71
BlackBerry,BB.TO,0.0,2020-10-01,2024-05-01,15.84,95.05,0.0,0.0,-29.57,-29.57,0.0,-31.11
Salesforce Inc.,CRM,0.0,2020-10-01,2024-05-01,183.91,183.91,0.0,0.0,1.36,1.36,0.0,0.74
Palantir Technologies,PLTR,0.0,2020-10-01,2024-05-01,27.26,190.82,0.0,0.0,-5.92,-5.92,0.0,-3.1
Emerging markets,SUSM.L,14.0,2020-10-01,2024-05-01,6.64,93.02,95.02,2.0,-4.05,-2.05,2.16,-2.2
Full portfolio,,230.0,2020-10-01,2024-05-01,29.33,6746.58,5210.49,224.27,23.27,247.54,3.32,3.67
World,2B7K.DE,77.0,2020-10-01,2024-06-01,10.17,783.36,809.89,26.53,-2.0,24.53,3.39,3.13
Nasdaq,NQSE.DE,54.0,2020-10-01,2024-06-01,9.8,529.02,594.97,65.95,-4.0,61.95,12.47,11.71
Emerging markets,AYEM.DE,51.0,2020-10-01,2024-06-01,5.72,291.87,296.21,4.34,-1.0,3.34,1.49,1.14
Pacific,UIMT.AS,7.0,2020-10-01,2024-06-01,69.67,487.68,485.87,-1.81,-11.58,-13.39,-0.37,-2.75
Europe,IESE.AS,15.0,2020-10-01,2024-06-01,58.12,871.76,1062.15,190.39,-11.69,178.7,21.84,20.5
USA,UIMP.AS,9.0,2020-10-01,2024-06-01,151.45,1363.08,1724.76,361.68,-3.11,358.57,26.53,26.31
PayPal,PYPL,3.0,2020-10-01,2024-06-01,188.81,566.43,188.97,-377.46,-1.5,-378.96,-66.64,-66.9
Cloudflare,NET,0.0,2020-10-01,2024-06-01,68.87,275.48,0.0,0.0,163.45,163.45,0.0,59.33
MongoDB,MDB,0.0,2020-10-01,2024-06-01,300.16,300.16,0.0,0.0,126.07,126.07,0.0,42.0
Tilray Brands,TLRY,0.0,2020-10-01,2024-06-01,30.17,150.85,0.0,0.0,21.42,21.42,0.0,14.2
SNDL Inc.,SNDL,0.0,2020-10-01,2024-06-01,1.31,65.73,0.0,0.0,-5.07,-5.07,0.0,-7.71
Block Inc.,SQ,0.0,2020-10-01,2024-06-01,213.15,213.15,0.0,0.0,0.68,0.68,0.0,0.32
GameStop,GME,0.0,2020-10-01,2024-06-01,285.21,285.21,0.0,0.0,-210.22,-210.22,0.0,-73.71
BlackBerry,BB.TO,0.0,2020-10-01,2024-06-01,15.84,95.05,0.0,0.0,-29.57,-29.57,0.0,-31.11
Salesforce Inc.,CRM,0.0,2020-10-01,2024-06-01,183.91,183.91,0.0,0.0,1.36,1.36,0.0,0.74
Palantir Technologies,PLTR,0.0,2020-10-01,2024-06-01,27.26,190.82,0.0,0.0,-5.92,-5.92,0.0,-3.1
Emerging markets,SUSM.L,14.0,2020-10-01,2024-06-01,6.64,93.02,95.11,2.09,-4.05,-1.96,2.25,-2.1
Full portfolio,,230.0,2020-10-01,2024-06-01,29.33,6746.58,5257.93,271.71,23.27,294.98,4.03,4.37
World,2B7K.DE,77.0,2020-10-01,2024-07-01,10.17,783.36,845.0,61.64,-2.0,59.64,7.87,7.61
Nasdaq,NQSE.DE,54.0,2020-10-01,2024-07-01,9.8,529.02,640.98,111.96,-4.0,107.96,21.16,20.41
Emerging markets,AYEM.DE,51.0,2020-10-01,2024-07-01,5.72,291.87,311.81,19.94,-1.0,18.94,6.83,6.49
Pacific,UIMT.AS,7.0,2020-10-01,2024-07-01,69.67,487.68,491.82,4.14,-11.58,-7.44,0.85,-1.53
Europe,IESE.AS,15.0,2020-10-01,2024-07-01,58.12,871.76,1059.0,187.24,-11.69,175.55,21.48,20.14
USA,UIMP.AS,9.0,2020-10-01,2024-07-01,151.45,1363.08,1818.45,455.37,-3.11,452.26,33.41,33.18
PayPal,PYPL,3.0,2020-10-01,2024-07-01,188.81,566.43,173.43,-393.0,-1.5,-394.5,-69.38,-69.65
Cloudflare,NET,0.0,2020-10-01,2024-07-01,68.87,275.48,0.0,0.0,163.45,163.45,0.0,59.33
MongoDB,MDB,0.0,2020-10-01,2024-07-01,300.16,300.16,0.0,0.0,126.07,126.07,0.0,42.0
Tilray Brands,TLRY,0.0,2020-10-01,2024-07-01,30.17,150.85,0.0,0.0,21.42,21.42,0.0,14.2
SNDL Inc.,SNDL,0.0,2020-10-01,2024-07-01,1.31,65.73,0.0,0.0,-5.07,-5.07,0.0,-7.71
Block Inc.,SQ,0.0,2020-10-01,2024-07-01,213.15,213.15,0.0,0.0,0.68,0.68,0.0,0.32
GameStop,GME,0.0,2020-10-01,2024-07-01,285.21,285.21,0.0,0.0,-210.22,-210.22,0.0,-73.71
BlackBerry,BB.TO,0.0,2020-10-01,2024-07-01,15.84,95.05,0.0,0.0,-29.57,-29.57,0.0,-31.11
Salesforce Inc.,CRM,0.0,2020-10-01,2024-07-01,183.91,183.91,0.0,0.0,1.36,1.36,0.0,0.74
Palantir Technologies,PLTR,0.0,2020-10-01,2024-07-01,27.26,190.82,0.0,0.0,-5.92,-5.92,0.0,-3.1
Emerging markets,SUSM.L,14.0,2020-10-01,2024-07-01,6.64,93.02,98.84,5.82,-4.05,1.77,6.26,1.9
Full portfolio,,230.0,2020-10-01,2024-07-01,29.33,6746.58,5439.33,453.11,23.27,476.38,6.72,7.06
Nasdaq,NQSE.DE,81.0,2020-10-01,2024-08-01,10.39,841.8,930.37,88.57,-10.0,78.57,10.52,9.33
PayPal,PYPL,0.0,2020-10-01,2024-08-01,188.81,566.43,0.0,0.0,-400.47,-400.47,0.0,-70.7
World,2B7K.DE,91.0,2020-10-01,2024-08-01,10.26,933.72,1001.18,67.46,-3.0,64.46,7.23,6.9
Emerging markets,AYEM.DE,51.0,2020-10-01,2024-08-01,5.72,291.87,309.26,17.39,-1.0,16.39,5.96,5.62
Pacific,UIMT.AS,7.0,2020-10-01,2024-08-01,69.67,487.68,495.53,7.85,-11.58,-3.73,1.61,-0.76
Europe,IESE.AS,15.0,2020-10-01,2024-08-01,58.12,871.76,1050.3,178.54,-11.69,166.85,20.48,19.14
USA,UIMP.AS,9.0,2020-10-01,2024-08-01,151.45,1363.08,1845.45,482.37,-3.11,479.26,35.39,35.16
Cloudflare,NET,0.0,2020-10-01,2024-08-01,68.87,275.48,0.0,0.0,163.45,163.45,0.0,59.33
MongoDB,MDB,0.0,2020-10-01,2024-08-01,300.16,300.16,0.0,0.0,126.07,126.07,0.0,42.0
Tilray Brands,TLRY,0.0,2020-10-01,2024-08-01,30.17,150.85,0.0,0.0,21.42,21.42,0.0,14.2
SNDL Inc.,SNDL,0.0,2020-10-01,2024-08-01,1.31,65.73,0.0,0.0,-5.07,-5.07,0.0,-7.71
Block Inc.,SQ,0.0,2020-10-01,2024-08-01,213.15,213.15,0.0,0.0,0.68,0.68,0.0,0.32
GameStop,GME,0.0,2020-10-01,2024-08-01,285.21,285.21,0.0,0.0,-210.22,-210.22,0.0,-73.71
BlackBerry,BB.TO,0.0,2020-10-01,2024-08-01,15.84,95.05,0.0,0.0,-29.57,-29.57,0.0,-31.11
Salesforce Inc.,CRM,0.0,2020-10-01,2024-08-01,183.91,183.91,0.0,0.0,1.36,1.36,0.0,0.74
Palantir Technologies,PLTR,0.0,2020-10-01,2024-08-01,27.26,190.82,0.0,0.0,-5.92,-5.92,0.0,-3.1
Emerging markets,SUSM.L,14.0,2020-10-01,2024-08-01,6.64,93.02,100.4,7.38,-4.05,3.33,7.93,3.58
Full portfolio,,268.0,2020-10-01,2024-08-01,26.9,7209.72,5732.49,849.56,-382.7,466.86,11.78,6.48
Nasdaq,NQSE.DE,81.0,2020-10-01,2024-09-01,10.39,841.8,943.33,101.53,-10.0,91.53,12.06,10.87
World,2B7K.DE,91.0,2020-10-01,2024-09-01,10.26,933.72,1005.19,71.47,-3.0,68.47,7.65,7.33
PayPal,PYPL,0.0,2020-10-01,2024-09-01,188.81,566.43,0.0,0.0,-400.47,-400.47,0.0,-70.7
Emerging markets,AYEM.DE,51.0,2020-10-01,2024-09-01,5.72,291.87,308.09,16.22,-1.0,15.22,5.56,5.21
Pacific,UIMT.AS,7.0,2020-10-01,2024-09-01,69.67,487.68,506.87,19.19,-11.58,7.61,3.93,1.56
Europe,IESE.AS,15.0,2020-10-01,2024-09-01,58.12,871.76,1084.2,212.44,-11.69,200.75,24.37,23.03
USA,UIMP.AS,9.0,2020-10-01,2024-09-01,151.45,1363.08,1823.4,460.32,-3.11,457.21,33.77,33.54
Cloudflare,NET,0.0,2020-10-01,2024-09-01,68.87,275.48,0.0,0.0,163.45,163.45,0.0,59.33
MongoDB,MDB,0.0,2020-10-01,2024-09-01,300.16,300.16,0.0,0.0,126.07,126.07,0.0,42.0
Tilray Brands,TLRY,0.0,2020-10-01,2024-09-01,30.17,150.85,0.0,0.0,21.42,21.42,0.0,14.2
SNDL Inc.,SNDL,0.0,2020-10-01,2024-09-01,1.31,65.73,0.0,0.0,-5.07,-5.07,0.0,-7.71
Block Inc.,SQ,0.0,2020-10-01,2024-09-01,213.15,213.15,0.0,0.0,0.68,0.68,0.0,0.32
GameStop,GME,0.0,2020-10-01,2024-09-01,285.21,285.21,0.0,0.0,-210.22,-210.22,0.0,-73.71
BlackBerry,BB.TO,0.0,2020-10-01,2024-09-01,15.84,95.05,0.0,0.0,-29.57,-29.57,0.0,-31.11
Salesforce Inc.,CRM,0.0,2020-10-01,2024-09-01,183.91,183.91,0.0,0.0,1.36,1.36,0.0,0.74
Palantir Technologies,PLTR,0.0,2020-10-01,2024-09-01,27.26,190.82,0.0,0.0,-5.92,-5.92,0.0,-3.1
Emerging markets,SUSM.L,14.0,2020-10-01,2024-09-01,6.64,93.02,103.42,10.4,-4.05,6.35,11.19,6.83
Full portfolio,,268.0,2020-10-01,2024-09-01,26.9,7209.72,5774.5,891.57,-382.7,508.87,12.37,7.06
Nasdaq,NQSE.DE,81.0,2020-10-01,2024-10-01,10.39,841.8,958.23,116.43,-10.0,106.43,13.83,12.64
World,2B7K.DE,91.0,2020-10-01,2024-10-01,10.26,933.72,1022.48,88.76,-3.0,85.76,9.51,9.18
PayPal,PYPL,0.0,2020-10-01,2024-10-01,188.81,566.43,0.0,0.0,-400.47,-400.47,0.0,-70.7
Emerging markets,AYEM.DE,51.0,2020-10-01,2024-10-01,5.72,291.87,325.07,33.2,-1.0,32.2,11.38,11.03
Pacific,UIMT.AS,7.0,2020-10-01,2024-10-01,69.67,487.68,520.1,32.42,-11.58,20.84,6.65,4.27
Europe,IESE.AS,15.0,2020-10-01,2024-10-01,58.12,871.76,1069.5,197.74,-11.69,186.05,22.68,21.34
USA,UIMP.AS,9.0,2020-10-01,2024-10-01,151.45,1363.08,1875.15,512.07,-3.11,508.96,37.57,37.34
Cloudflare,NET,0.0,2020-10-01,2024-10-01,68.87,275.48,0.0,0.0,163.45,163.45,0.0,59.33
MongoDB,MDB,0.0,2020-10-01,2024-10-01,300.16,300.16,0.0,0.0,126.07,126.07,0.0,42.0
Tilray Brands,TLRY,0.0,2020-10-01,2024-10-01,30.17,150.85,0.0,0.0,21.42,21.42,0.0,14.2
SNDL Inc.,SNDL,0.0,2020-10-01,2024-10-01,1.31,65.73,0.0,0.0,-5.07,-5.07,0.0,-7.71
Block Inc.,SQ,0.0,2020-10-01,2024-10-01,213.15,213.15,0.0,0.0,0.68,0.68,0.0,0.32
GameStop,GME,0.0,2020-10-01,2024-10-01,285.21,285.21,0.0,0.0,-210.22,-210.22,0.0,-73.71
BlackBerry,BB.TO,0.0,2020-10-01,2024-10-01,15.84,95.05,0.0,0.0,-29.57,-29.57,0.0,-31.11
Salesforce Inc.,CRM,0.0,2020-10-01,2024-10-01,183.91,183.91,0.0,0.0,1.36,1.36,0.0,0.74
Palantir Technologies,PLTR,0.0,2020-10-01,2024-10-01,27.26,190.82,0.0,0.0,-5.92,-5.92,0.0,-3.1
Emerging markets,SUSM.L,14.0,2020-10-01,2024-10-01,6.64,93.02,110.09,17.07,-4.05,13.02,18.35,14.0
Full portfolio,,268.0,2020-10-01,2024-10-01,26.9,7209.72,5880.62,997.69,-382.7,614.99,13.84,8.53
World,2B7K.DE,137.0,2020-10-01,2024-11-01,10.66,1460.88,1550.02,89.14,-4.0,85.14,6.1,5.83
Nasdaq,NQSE.DE,87.0,2020-10-01,2024-11-01,10.51,914.63,1048.0,133.37,-13.0,120.37,14.58,13.16
PayPal,PYPL,0.0,2020-10-01,2024-11-01,188.81,566.43,0.0,0.0,-400.47,-400.47,0.0,-70.7
Emerging markets,AYEM.DE,51.0,2020-10-01,2024-11-01,5.72,291.87,323.24,31.37,-1.0,30.37,10.75,10.4
Pacific,UIMT.AS,7.0,2020-10-01,2024-11-01,69.67,487.68,494.9,7.22,-11.58,-4.36,1.48,-0.89
Europe,IESE.AS,15.0,2020-10-01,2024-11-01,58.12,871.76,1030.05,158.29,-11.69,146.6,18.16,16.82
USA,UIMP.AS,9.0,2020-10-01,2024-11-01,151.45,1363.08,1908.0,544.92,-3.11,541.81,39.98,39.75
Cloudflare,NET,0.0,2020-10-01,2024-11-01,68.87,275.48,0.0,0.0,163.45,163.45,0.0,59.33
MongoDB,MDB,0.0,2020-10-01,2024-11-01,300.16,300.16,0.0,0.0,126.07,126.07,0.0,42.0
Tilray Brands,TLRY,0.0,2020-10-01,2024-11-01,30.17,150.85,0.0,0.0,21.42,21.42,0.0,14.2
SNDL Inc.,SNDL,0.0,2020-10-01,2024-11-01,1.31,65.73,0.0,0.0,-5.07,-5.07,0.0,-7.71
Block Inc.,SQ,0.0,2020-10-01,2024-11-01,213.15,213.15,0.0,0.0,0.68,0.68,0.0,0.32
GameStop,GME,0.0,2020-10-01,2024-11-01,285.21,285.21,0.0,0.0,-210.22,-210.22,0.0,-73.71
BlackBerry,BB.TO,0.0,2020-10-01,2024-11-01,15.84,95.05,0.0,0.0,-29.57,-29.57,0.0,-31.11
Salesforce Inc.,CRM,0.0,2020-10-01,2024-11-01,183.91,183.91,0.0,0.0,1.36,1.36,0.0,0.74
Palantir Technologies,PLTR,0.0,2020-10-01,2024-11-01,27.26,190.82,0.0,0.0,-5.92,-5.92,0.0,-3.1
Emerging markets,SUSM.L,14.0,2020-10-01,2024-11-01,6.64,93.02,107.38,14.36,-4.05,10.31,15.44,11.08
Full portfolio,,320.0,2020-10-01,2024-11-01,24.41,7809.71,6461.59,978.67,-386.7,591.97,12.53,7.58
